GoodStudent,Age,SocioEcon,RiskAversion,VehicleYear,ThisCarDam,RuggedAuto,Accident,MakeModel,DrivQuality,Mileage,Antilock,DrivingSkill,SeniorTrain,ThisCarCost,Theft,CarValue,HomeBase,AntiTheft,PropCost,OtherCarCost,OtherCar,MedCost,Cushioning,Airbag,ILiCost,DrivHist
False,Adult,Prole,Adventurous,Older,None,EggShell,None,Economy,Poor,TwentyThou,False,Normal,False,Thousand,False,FiveThou,Rural,False,TenThou,Thousand,True,Thousand,Fair,False,Thousand,Zero
False,Adult,UpperMiddle,Cautious,Current,None,EggShell,None,FamilySedan,Normal,FiftyThou,True,Normal,False,Thousand,False,TwentyThou,Secure,True,Thousand,Thousand,True,Thousand,Fair,True,Thousand,Zero
False,Adult,Prole,Adventurous,Older,None,EggShell,None,Economy,Poor,TwentyThou,False,SubStandard,False,Thousand,False,FiveThou,Suburb,False,Thousand,Thousand,True,Thousand,Fair,False,Thousand,Many
False,Senior,Prole,Normal,Older,None,EggShell,None,SportsCar,Excellent,TwentyThou,False,Expert,False,Thousand,False,FiveThou,City,False,Thousand,Thousand,True,Thousand,Poor,False,Thousand,Zero
False,Adult,Middle,Normal,Current,None,Football,None,FamilySedan,Poor,FiftyThou,True,SubStandard,False,Thousand,False,TwentyThou,Secure,False,Thousand,Thousand,False,Thousand,Excellent,True,Thousand,Many
False,Adult,Prole,Normal,Older,None,EggShell,None,Economy,Normal,Domino,False,Normal,False,Thousand,False,FiveThou,City,False,Thousand,Thousand,False,Thousand,Fair,False,Thousand,Zero
True,Adolescent,Wealthy,Normal,Current,Mild,Football,Mild,SuperLuxury,Poor,FiftyThou,True,SubStandard,False,Thousand,False,Million,Secure,True,Thousand,Thousand,True,Thousand,Good,True,Thousand,Many
False,Adult,UpperMiddle,Adventurous,Current,None,Football,None,Luxury,Poor,TwentyThou,True,SubStandard,False,Thousand,False,FiftyThou,Suburb,False,Thousand,Thousand,True,Thousand,Good,True,Thousand,Many
False,Adult,UpperMiddle,Cautious,Older,None,Football,None,FamilySedan,Normal,TwentyThou,False,Normal,False,Thousand,False,FiveThou,Secure,True,Thousand,Thousand,True,Thousand,Fair,False,Thousand,Zero
False,Adult,UpperMiddle,Adventurous,Older,Severe,Tank,Severe,Luxury,Poor,FiftyThou,True,SubStandard,False,TenThou,False,FiveThou,Secure,False,TenThou,TenThou,True,Thousand,Excellent,True,Thousand,Many
False,Adult,Prole,Cautious,Older,Severe,EggShell,Severe,SportsCar,Poor,TwentyThou,False,SubStandard,False,TenThou,False,TenThou,Suburb,True,TenThou,TenThou,True,TenThou,Fair,False,Thousand,One
False,Adult,Prole,Normal,Current,None,EggShell,None,SportsCar,Normal,FiftyThou,True,Normal,False,Thousand,False,TenThou,Suburb,False,Thousand,Thousand,True,Thousand,Poor,True,Thousand,Zero
False,Senior,UpperMiddle,Cautious,Older,None,Tank,None,FamilySedan,Excellent,FiveThou,False,Expert,True,Thousand,False,TenThou,Secure,True,Thousand,Thousand,True,Thousand,Excellent,True,Thousand,Zero
False,Adult,Middle,Adventurous,Older,Moderate,EggShell,Moderate,Economy,Poor,TwentyThou,False,SubStandard,False,TenThou,False,FiveThou,Suburb,False,HundredThou,HundredThou,True,Thousand,Good,True,Thousand,Many
False,Senior,Prole,Cautious,Older,None,EggShell,None,Economy,Normal,TwentyThou,False,Normal,True,Thousand,False,FiveThou,Rural,True,Thousand,Thousand,False,Thousand,Fair,False,Thousand,Zero
False,Adult,Prole,Normal,Older,None,EggShell,None,Economy,Normal,TwentyThou,False,Normal,False,Thousand,False,TenThou,City,False,Thousand,Thousand,False,Thousand,Poor,False,Thousand,Zero
False,Adolescent,Middle,Normal,Current,Mild,Football,Mild,FamilySedan,Normal,FiveThou,False,Normal,False,Thousand,False,TwentyThou,Suburb,True,Thousand,Thousand,True,Thousand,Good,True,Thousand,Zero
False,Adolescent,Prole,Normal,Older,None,EggShell,None,Economy,Normal,TwentyThou,False,Normal,False,Thousand,False,TenThou,Rural,True,Thousand,Thousand,True,Thousand,Poor,False,Thousand,Zero
False,Adult,Middle,Normal,Current,None,EggShell,None,Economy,Normal,TwentyThou,False,Normal,False,Thousand,False,TenThou,Secure,False,TenThou,Thousand,True,Thousand,Poor,True,Thousand,Zero
False,Adult,Prole,Normal,Older,Mild,EggShell,Mild,Economy,Poor,TwentyThou,False,SubStandard,False,Thousand,False,FiveThou,City,False,Thousand,Thousand,False,Thousand,Poor,False,Thousand,One
False,Senior,Prole,Normal,Older,Severe,EggShell,Severe,Economy,Poor,Domino,False,SubStandard,False,TenThou,False,FiveThou,City,False,HundredThou,HundredThou,True,Million,Poor,False,TenThou,Many
False,Adult,Prole,Normal,Older,Moderate,EggShell,Moderate,Economy,Poor,FiftyThou,False,SubStandard,False,TenThou,False,FiveThou,City,False,HundredThou,TenThou,True,Thousand,Fair,True,Thousand,Zero
False,Adult,Middle,Normal,Older,None,Football,None,FamilySedan,Normal,TwentyThou,False,Normal,False,Thousand,False,TwentyThou,Suburb,False,TenThou,Thousand,True,Thousand,Good,False,Thousand,Zero
False,Adult,Middle,Normal,Older,None,EggShell,None,FamilySedan,Normal,TwentyThou,False,Normal,False,Thousand,False,TenThou,Suburb,True,TenThou,Thousand,True,Thousand,Poor,False,Thousand,Zero
False,Senior,UpperMiddle,Normal,Current,None,EggShell,None,FamilySedan,Normal,FiftyThou,False,Normal,False,Thousand,False,TwentyThou,Secure,True,TenThou,Thousand,True,Thousand,Fair,True,Thousand,Zero
False,Adult,Middle,Normal,Older,None,EggShell,None,Economy,Normal,FiveThou,False,Normal,False,Thousand,False,TenThou,Suburb,False,Thousand,Thousand,True,Thousand,Poor,False,Thousand,Zero
False,Adult,UpperMiddle,Normal,Current,None,EggShell,None,FamilySedan,Normal,TwentyThou,True,Normal,False,Thousand,False,TwentyThou,Suburb,True,Thousand,Thousand,True,Thousand,Poor,True,Thousand,Zero
False,Adult,UpperMiddle,Normal,Current,Severe,EggShell,Severe,FamilySedan,Poor,Domino,False,SubStandard,False,HundredThou,False,TwentyThou,Secure,True,HundredThou,TenThou,True,Thousand,Fair,True,Thousand,Many
False,Adult,Middle,Normal,Older,Severe,Football,Severe,FamilySedan,Poor,Domino,False,SubStandard,False,TenThou,False,FiveThou,Suburb,True,HundredThou,TenThou,False,Thousand,Good,True,Thousand,Many
False,Adult,Middle,Normal,Older,None,EggShell,None,Economy,Poor,TwentyThou,False,SubStandard,False,Thousand,False,TenThou,Suburb,True,Thousand,Thousand,True,Thousand,Fair,False,Thousand,Many
False,Adolescent,UpperMiddle,Normal,Current,None,Football,None,FamilySedan,Poor,TwentyThou,True,SubStandard,False,Thousand,False,TwentyThou,Suburb,True,Thousand,Thousand,True,Thousand,Good,True,Thousand,Many
False,Adult,UpperMiddle,Normal,Older,None,Football,None,FamilySedan,Normal,Domino,False,Normal,False,Thousand,False,FiveThou,Secure,True,Thousand,Thousand,True,Thousand,Fair,False,Thousand,One
False,Adult,UpperMiddle,Normal,Current,None,Football,None,FamilySedan,Normal,FiftyThou,False,Normal,False,Thousand,False,TwentyThou,Suburb,True,TenThou,Thousand,True,Thousand,Good,True,Thousand,Zero
False,Adult,Middle,Normal,Older,None,Tank,None,FamilySedan,Normal,TwentyThou,False,Normal,False,Thousand,False,TwentyThou,Suburb,False,Thousand,Thousand,True,Thousand,Good,False,Thousand,Zero
True,Adolescent,UpperMiddle,Normal,Current,None,Football,None,FamilySedan,Normal,TwentyThou,True,Normal,False,Thousand,False,TwentyThou,Suburb,True,Thousand,Thousand,True,Thousand,Good,True,Thousand,Zero
False,Adolescent,Middle,Cautious,Older,None,EggShell,None,Economy,Poor,Domino,False,SubStandard,False,Thousand,False,FiveThou,Secure,True,Thousand,Thousand,True,Thousand,Poor,False,Thousand,One
False,Adult,Prole,Adventurous,Current,Severe,EggShell,Severe,Economy,Poor,FiftyThou,False,SubStandard,False,TenThou,False,TenThou,Rural,False,TenThou,TenThou,False,TenThou,Fair,True,Thousand,Many
False,Adult,Prole,Normal,Older,None,EggShell,None,Economy,Excellent,FiftyThou,False,Expert,False,Thousand,False,FiveThou,City,False,Thousand,Thousand,False,Thousand,Poor,False,Thousand,Zero
True,Adolescent,UpperMiddle,Normal,Older,None,EggShell,None,Luxury,Normal,FiftyThou,True,Normal,False,Thousand,False,TenThou,Suburb,True,Thousand,Thousand,True,Thousand,Good,True,Thousand,Zero
False,Adult,Prole,Adventurous,Older,Severe,EggShell,Severe,Economy,Poor,TwentyThou,False,SubStandard,False,TenThou,False,FiveThou,City,False,TenThou,Thousand,True,TenThou,Poor,False,Thousand,Many
False,Adult,Prole,Adventurous,Older,Mild,EggShell,Mild,Economy,Normal,FiftyThou,False,Normal,False,Thousand,False,FiveThou,City,False,Thousand,Thousand,True,Thousand,Poor,False,Thousand,Many
False,Adult,Middle,Cautious,Older,None,Tank,None,FamilySedan,Normal,FiftyThou,False,Normal,False,Thousand,False,FiveThou,Secure,True,TenThou,Thousand,True,Thousand,Excellent,True,Thousand,Zero
False,Senior,UpperMiddle,Normal,Current,None,Football,None,FamilySedan,Normal,FiftyThou,False,Normal,False,Thousand,False,TwentyThou,Secure,True,Thousand,Thousand,True,Thousand,Good,True,Thousand,Zero
False,Senior,Middle,Cautious,Older,None,Football,None,Economy,Normal,FiftyThou,False,Normal,True,Thousand,False,FiveThou,Secure,True,Thousand,Thousand,True,Thousand,Good,False,Thousand,Zero
False,Adolescent,Prole,Adventurous,Current,None,Football,None,FamilySedan,Normal,TwentyThou,True,Normal,False,Thousand,False,TwentyThou,City,False,Thousand,Thousand,False,Thousand,Excellent,True,Thousand,One
False,Adult,Middle,Normal,Current,None,EggShell,None,SportsCar,Poor,FiftyThou,True,SubStandard,False,Thousand,False,TwentyThou,Suburb,True,Thousand,Thousand,True,Thousand,Poor,True,Thousand,Many
False,Senior,Middle,Normal,Older,Moderate,EggShell,Mild,FamilySedan,Poor,TwentyThou,False,SubStandard,False,HundredThou,False,TwentyThou,Secure,True,HundredThou,Thousand,True,Thousand,Fair,False,Thousand,Many
False,Senior,Prole,Cautious,Older,None,EggShell,None,Economy,Normal,TwentyThou,False,Normal,True,Thousand,False,FiveThou,City,True,Thousand,Thousand,True,Thousand,Poor,False,Thousand,Zero
False,Adult,UpperMiddle,Adventurous,Current,Mild,EggShell,Mild,Luxury,Poor,Domino,True,SubStandard,False,Thousand,False,FiftyThou,Secure,False,TenThou,Thousand,True,Thousand,Good,True,Thousand,Many
False,Adult,UpperMiddle,Normal,Current,None,EggShell,None,SportsCar,Poor,TwentyThou,True,SubStandard,False,Thousand,False,TenThou,Suburb,True,TenThou,Thousand,True,Thousand,Poor,True,Thousand,Many
False,Senior,Prole,Normal,Older,None,Football,None,FamilySedan,Poor,TwentyThou,False,SubStandard,False,Thousand,False,FiveThou,City,False,Thousand,Thousand,True,Thousand,Good,True,Thousand,Many
False,Adult,Prole,Normal,Older,Mild,EggShell,Mild,Economy,Poor,FiftyThou,False,SubStandard,False,Thousand,False,FiveThou,City,False,TenThou,Thousand,True,Thousand,Poor,False,Thousand,Many
False,Senior,UpperMiddle,Cautious,Current,None,Football,None,Luxury,Normal,TwentyThou,True,Normal,True,Thousand,False,FiftyThou,Secure,True,Thousand,Thousand,True,Thousand,Good,True,Thousand,Zero
False,Senior,Middle,Cautious,Current,None,EggShell,None,SportsCar,Normal,FiftyThou,True,Normal,False,Thousand,False,TenThou,Secure,True,Thousand,Thousand,True,Thousand,Poor,True,Thousand,Zero
False,Adult,Middle,Cautious,Older,Mild,EggShell,Mild,Economy,Poor,TwentyThou,False,SubStandard,False,Thousand,False,FiveThou,Secure,True,Thousand,Thousand,True,Thousand,Fair,False,Thousand,Zero
False,Adolescent,Prole,Normal,Older,Moderate,EggShell,Moderate,Economy,Poor,Domino,False,SubStandard,False,TenThou,False,FiveThou,City,False,TenThou,Thousand,False,HundredThou,Poor,False,HundredThou,Many
False,Senior,UpperMiddle,Normal,Current,None,EggShell,None,Luxury,Normal,TwentyThou,True,Normal,True,Thousand,False,FiftyThou,Suburb,True,TenThou,Thousand,True,Thousand,Fair,True,Thousand,One
False,Adult,Middle,Normal,Older,None,EggShell,None,FamilySedan,Normal,FiftyThou,False,Normal,False,Thousand,False,FiveThou,Secure,False,Thousand,Thousand,True,Thousand,Poor,True,Thousand,Zero
False,Adolescent,UpperMiddle,Normal,Current,None,EggShell,None,SportsCar,Normal,TwentyThou,True,Normal,False,Thousand,False,TwentyThou,Secure,True,Thousand,Thousand,True,Thousand,Poor,True,Thousand,Zero
False,Adolescent,Prole,Adventurous,Older,Severe,EggShell,Severe,Economy,Poor,TwentyThou,False,SubStandard,False,TenThou,False,FiveThou,City,False,HundredThou,HundredThou,True,HundredThou,Poor,False,Thousand,Many
False,Adult,Prole,Normal,Older,None,EggShell,None,Economy,Normal,FiftyThou,False,Normal,False,Thousand,False,FiveThou,City,False,Thousand,Thousand,True,Thousand,Poor,False,Thousand,Zero
False,Adult,UpperMiddle,Cautious,Current,Mild,EggShell,Mild,FamilySedan,Poor,FiftyThou,True,SubStandard,False,Thousand,False,TwentyThou,Secure,True,Thousand,Thousand,True,Thousand,Good,True,Thousand,One
False,Adolescent,Prole,Adventurous,Current,None,Football,None,Economy,Normal,FiftyThou,False,Normal,False,Thousand,False,TenThou,Rural,False,TenThou,Thousand,False,Thousand,Good,True,Thousand,Zero
False,Adolescent,Middle,Adventurous,Older,None,EggShell,None,SportsCar,Normal,FiveThou,False,Normal,False,Thousand,False,TenThou,Suburb,False,Thousand,Thousand,False,Thousand,Poor,False,Thousand,Zero
False,Senior,Middle,Cautious,Older,None,EggShell,None,SportsCar,Excellent,TwentyThou,False,Expert,True,Thousand,False,TwentyThou,Rural,True,TenThou,Thousand,True,Thousand,Poor,False,Thousand,Zero
False,Adult,Prole,Normal,Older,None,EggShell,None,Economy,Normal,FiftyThou,False,Normal,False,Thousand,False,FiveThou,Rural,True,TenThou,Thousand,True,Thousand,Poor,False,Thousand,Zero
False,Adult,Middle,Cautious,Current,Severe,EggShell,Severe,FamilySedan,Poor,TwentyThou,False,SubStandard,False,HundredThou,False,TwentyThou,Secure,True,Million,HundredThou,True,HundredThou,Poor,True,Thousand,Many
False,Adult,Middle,Normal,Older,Mild,EggShell,Mild,Economy,Poor,FiveThou,False,SubStandard,False,Thousand,False,TenThou,Suburb,False,Thousand,Thousand,True,Thousand,Fair,False,Thousand,Many
False,Adult,Middle,Normal,Older,None,EggShell,None,Economy,Normal,Domino,False,Normal,False,Thousand,False,FiveThou,Suburb,False,Thousand,Thousand,False,Thousand,Poor,False,Thousand,Zero
False,Senior,Prole,Cautious,Older,None,Tank,None,FamilySedan,Normal,FiveThou,False,Normal,True,Thousand,False,TwentyThou,City,True,Thousand,Thousand,False,Thousand,Excellent,True,Thousand,Zero
False,Adult,Middle,Cautious,Older,None,EggShell,None,SportsCar,Normal,TwentyThou,False,Normal,False,Thousand,False,TwentyThou,Secure,True,TenThou,Thousand,True,Thousand,Poor,False,Thousand,Zero
False,Senior,Middle,Cautious,Older,None,EggShell,None,SportsCar,Normal,TwentyThou,False,Normal,True,Thousand,False,TenThou,Secure,True,TenThou,Thousand,False,Thousand,Poor,False,Thousand,Zero
False,Adolescent,Prole,Cautious,Current,Severe,Football,Severe,Economy,Poor,TwentyThou,False,SubStandard,False,TenThou,False,TenThou,Rural,True,TenThou,Thousand,True,Thousand,Good,True,Thousand,Many
False,Adult,Middle,Normal,Older,None,Football,None,FamilySedan,Normal,TwentyThou,False,Normal,False,Thousand,False,TwentyThou,Secure,False,Thousand,Thousand,True,Thousand,Fair,False,Thousand,Zero
False,Senior,UpperMiddle,Adventurous,Current,Moderate,EggShell,Moderate,SportsCar,Poor,TwentyThou,True,SubStandard,False,HundredThou,False,TwentyThou,Suburb,True,HundredThou,TenThou,True,Million,Poor,True,Thousand,Many
False,Senior,Middle,Cautious,Current,None,EggShell,None,FamilySedan,Excellent,FiftyThou,False,Normal,True,Thousand,False,TwentyThou,Secure,True,TenThou,Thousand,True,Thousand,Poor,True,Thousand,Zero
False,Adult,UpperMiddle,Normal,Current,None,Tank,None,FamilySedan,Normal,Domino,False,Normal,False,Thousand,False,TwentyThou,Secure,True,Thousand,Thousand,True,Thousand,Excellent,True,Thousand,Zero
False,Adult,Middle,Adventurous,Older,Moderate,Football,Severe,FamilySedan,Poor,Domino,False,SubStandard,False,TenThou,False,FiveThou,Rural,False,Million,HundredThou,True,TenThou,Fair,False,Thousand,Many
False,Senior,UpperMiddle,Cautious,Current,None,Football,None,FamilySedan,Excellent,FiftyThou,False,Expert,True,Thousand,False,TwentyThou,Secure,True,Thousand,Thousand,True,Thousand,Good,True,Thousand,Zero
False,Adult,Prole,Cautious,Older,None,EggShell,None,Economy,Normal,FiftyThou,False,Normal,False,Thousand,False,FiveThou,City,True,Thousand,Thousand,True,Thousand,Poor,True,Thousand,Zero
False,Adolescent,Middle,Normal,Older,None,Football,None,FamilySedan,Normal,TwentyThou,False,Normal,False,Thousand,False,FiveThou,Suburb,False,TenThou,Thousand,False,Thousand,Fair,False,Thousand,Zero
False,Adult,Middle,Normal,Older,None,EggShell,None,Economy,Normal,FiftyThou,False,Normal,False,Thousand,False,FiveThou,Suburb,False,Thousand,Thousand,True,Thousand,Fair,False,Thousand,Zero
False,Adult,Middle,Normal,Current,None,Tank,None,FamilySedan,Normal,TwentyThou,False,Normal,False,Thousand,False,TwentyThou,Rural,False,Thousand,Thousand,True,Thousand,Excellent,True,Thousand,Zero
False,Adult,UpperMiddle,Adventurous,Older,None,Tank,None,Luxury,Normal,TwentyThou,False,Normal,False,Thousand,False,TwentyThou,Suburb,False,Thousand,Thousand,True,Thousand,Excellent,True,Thousand,Many
False,Adult,Prole,Normal,Older,None,EggShell,None,SportsCar,Normal,TwentyThou,False,Normal,False,Thousand,False,TwentyThou,Rural,False,Thousand,Thousand,False,Thousand,Poor,False,Thousand,Zero
False,Adult,Prole,Normal,Older,Moderate,Tank,Moderate,FamilySedan,Normal,Domino,False,Normal,False,TenThou,False,FiveThou,City,False,TenThou,Thousand,True,Thousand,Good,False,Thousand,Zero
False,Adult,Middle,Cautious,Older,None,EggShell,None,Economy,Poor,TwentyThou,False,SubStandard,False,Thousand,False,TenThou,Secure,True,Thousand,Thousand,True,Thousand,Poor,False,Thousand,One
False,Adult,Middle,Normal,Older,None,EggShell,None,SportsCar,Normal,TwentyThou,False,Normal,False,Thousand,False,TenThou,Suburb,False,Thousand,Thousand,True,Thousand,Poor,False,Thousand,Zero
False,Senior,UpperMiddle,Cautious,Current,None,Tank,None,FamilySedan,Normal,FiveThou,False,Normal,True,Thousand,False,TwentyThou,Secure,True,TenThou,Thousand,True,Thousand,Excellent,True,Thousand,Zero
False,Adolescent,Middle,Adventurous,Older,None,Football,None,Economy,Poor,FiftyThou,False,SubStandard,False,Thousand,False,FiveThou,Suburb,False,Thousand,Thousand,True,Thousand,Fair,False,Thousand,Many
False,Senior,UpperMiddle,Normal,Current,None,Football,None,FamilySedan,Normal,FiftyThou,False,Normal,True,Thousand,False,TwentyThou,Suburb,True,Thousand,Thousand,True,Thousand,Good,True,Thousand,Zero
False,Adolescent,Prole,Adventurous,Older,Severe,Tank,Severe,FamilySedan,Poor,FiftyThou,False,SubStandard,False,TenThou,False,FiveThou,City,False,TenThou,TenThou,False,Thousand,Excellent,False,Thousand,Many
False,Adolescent,UpperMiddle,Adventurous,Current,None,Football,None,Luxury,Poor,TwentyThou,True,Normal,False,Thousand,False,FiftyThou,Rural,False,Thousand,Thousand,True,Thousand,Good,True,Thousand,One
False,Adult,Middle,Cautious,Current,None,EggShell,None,FamilySedan,Excellent,FiftyThou,True,Expert,False,Thousand,False,TwentyThou,Secure,True,Thousand,Thousand,True,Thousand,Poor,True,Thousand,Zero
False,Adult,Middle,Adventurous,Current,None,Football,None,Economy,Excellent,FiftyThou,False,Normal,False,Thousand,False,TenThou,Suburb,False,Thousand,Thousand,True,Thousand,Excellent,True,Thousand,One
False,Adult,Middle,Normal,Current,Moderate,EggShell,Moderate,Economy,Poor,TwentyThou,False,SubStandard,False,Thousand,False,TenThou,Suburb,True,Thousand,Thousand,True,Thousand,Poor,True,Thousand,Many
False,Adolescent,Middle,Adventurous,Current,Severe,Football,Severe,FamilySedan,Poor,FiftyThou,False,SubStandard,False,TenThou,False,TenThou,City,False,HundredThou,HundredThou,False,Thousand,Good,True,Thousand,Many
False,Adult,Middle,Cautious,Older,Mild,EggShell,Mild,Economy,Poor,FiveThou,False,SubStandard,False,Thousand,False,TenThou,Secure,True,TenThou,Thousand,True,Thousand,Fair,False,Thousand,Many
False,Adult,UpperMiddle,Normal,Current,None,EggShell,None,SportsCar,Normal,TwentyThou,True,Normal,False,Thousand,False,TenThou,Rural,True,Thousand,Thousand,True,Thousand,Poor,True,Thousand,Zero
False,Adult,Middle,Normal,Older,Severe,Tank,Severe,FamilySedan,Poor,TwentyThou,False,SubStandard,False,TenThou,False,TenThou,Suburb,True,HundredThou,TenThou,True,Thousand,Excellent,True,Thousand,Many
False,Senior,Prole,Adventurous,Older,Severe,EggShell,Severe,Economy,Poor,Domino,False,SubStandard,False,TenThou,False,FiveThou,City,False,TenThou,Thousand,True,Thousand,Fair,False,Thousand,Many
False,Adult,Middle,Cautious,Current,None,EggShell,None,FamilySedan,Normal,FiftyThou,False,Normal,False,Thousand,False,TenThou,Secure,True,Thousand,Thousand,True,Thousand,Poor,True,Thousand,Zero
False,Adult,Prole,Adventurous,Older,None,Tank,None,FamilySedan,Poor,FiveThou,False,SubStandard,False,Thousand,False,TenThou,City,False,TenThou,Thousand,False,Thousand,Good,False,Thousand,Many
False,Adolescent,Middle,Adventurous,Current,Moderate,Football,Moderate,FamilySedan,Poor,TwentyThou,True,SubStandard,False,HundredThou,False,TwentyThou,Suburb,False,HundredThou,TenThou,True,Thousand,Fair,True,Thousand,Many
False,Adult,Middle,Adventurous,Older,None,Football,None,FamilySedan,Normal,FiftyThou,False,Normal,False,Thousand,False,FiveThou,Suburb,False,TenThou,Thousand,True,Thousand,Excellent,True,Thousand,Zero
False,Adolescent,Wealthy,Adventurous,Current,None,EggShell,None,SportsCar,Excellent,FiftyThou,True,Normal,False,Thousand,False,FiftyThou,Secure,False,Thousand,Thousand,True,Thousand,Good,True,Thousand,Zero
False,Adult,Prole,Normal,Older,None,EggShell,None,SportsCar,Normal,FiftyThou,False,Normal,False,Thousand,False,FiveThou,City,True,Thousand,Thousand,False,Thousand,Poor,False,Thousand,Zero
False,Adult,Prole,Adventurous,Older,None,EggShell,None,Economy,Excellent,FiftyThou,False,Expert,False,Thousand,False,FiveThou,City,False,TenThou,Thousand,False,Thousand,Poor,False,Thousand,Zero
False,Adult,Prole,Adventurous,Older,Moderate,EggShell,Moderate,Economy,Poor,FiftyThou,False,SubStandard,False,TenThou,False,FiveThou,City,False,TenThou,Thousand,True,Thousand,Poor,False,Thousand,Many
False,Senior,Prole,Cautious,Current,None,Football,None,Economy,Excellent,Domino,False,Expert,True,Thousand,False,FiveThou,City,True,Thousand,Thousand,True,Thousand,Good,True,Thousand,Zero
False,Adolescent,Prole,Adventurous,Older,Mild,EggShell,Mild,Economy,Poor,FiveThou,False,SubStandard,False,Thousand,False,TenThou,City,False,Thousand,Thousand,False,Thousand,Poor,False,Thousand,Many
False,Adult,Prole,Normal,Older,None,Tank,None,FamilySedan,Excellent,FiftyThou,False,Expert,False,Thousand,False,FiveThou,City,False,Thousand,Thousand,True,Thousand,Good,False,Thousand,Zero
False,Adult,Prole,Adventurous,Older,Mild,Football,Mild,Economy,Poor,TwentyThou,False,SubStandard,False,Thousand,False,FiveThou,City,False,Thousand,Thousand,True,Thousand,Fair,False,Thousand,Many
False,Adolescent,Middle,Normal,Older,None,Football,None,FamilySedan,Normal,TwentyThou,False,Normal,False,Thousand,False,TenThou,Suburb,True,Thousand,Thousand,True,Thousand,Good,True,Thousand,Zero
False,Adult,Prole,Adventurous,Older,None,EggShell,None,Economy,Normal,FiftyThou,False,Normal,False,Thousand,False,FiveThou,City,False,Thousand,Thousand,True,Thousand,Poor,False,Thousand,Many
False,Adolescent,Prole,Psychopath,Current,Moderate,Football,Moderate,Economy,Poor,TwentyThou,False,Normal,False,TenThou,False,TenThou,Rural,False,TenThou,Thousand,False,Thousand,Excellent,True,Thousand,One
False,Adolescent,Prole,Cautious,Older,None,EggShell,None,Economy,Normal,TwentyThou,False,Normal,False,Thousand,False,FiveThou,City,True,Thousand,Thousand,True,Thousand,Fair,False,Thousand,Zero
False,Adult,Middle,Normal,Older,None,EggShell,None,Economy,Normal,TwentyThou,False,Normal,False,Thousand,False,TenThou,Suburb,False,Thousand,Thousand,True,Thousand,Poor,False,Thousand,Zero
False,Adult,Prole,Normal,Older,Severe,EggShell,Moderate,SportsCar,Normal,TwentyThou,False,Normal,False,TenThou,False,TenThou,City,False,Million,HundredThou,False,Thousand,Poor,False,Thousand,Zero
False,Adult,Middle,Adventurous,Current,None,EggShell,None,Economy,Excellent,FiftyThou,False,Normal,False,Thousand,False,TenThou,Rural,False,TenThou,Thousand,True,Thousand,Poor,True,Thousand,One
False,Senior,UpperMiddle,Cautious,Current,None,EggShell,None,Luxury,Normal,Domino,True,Normal,True,Thousand,False,FiftyThou,Secure,True,Thousand,Thousand,True,Thousand,Fair,True,Thousand,Zero
False,Adult,Prole,Cautious,Older,None,Football,None,FamilySedan,Normal,Domino,False,Normal,False,Thousand,False,FiveThou,Rural,True,Thousand,Thousand,True,Thousand,Good,False,Thousand,Zero
False,Adult,Middle,Adventurous,Current,Mild,Football,Mild,Economy,Normal,Domino,False,Normal,False,Thousand,False,TenThou,Suburb,False,Thousand,Thousand,True,Thousand,Good,True,Thousand,Many
False,Adult,Middle,Normal,Older,None,Football,None,FamilySedan,Normal,TwentyThou,False,Normal,False,Thousand,False,TenThou,Secure,False,TenThou,Thousand,False,Thousand,Poor,False,Thousand,Zero
False,Adult,Middle,Adventurous,Current,Severe,EggShell,Severe,SportsCar,Poor,Domino,True,Normal,False,HundredThou,True,TwentyThou,City,False,HundredThou,TenThou,True,Thousand,Good,True,Thousand,Zero
False,Adult,Middle,Normal,Older,Moderate,Tank,Moderate,FamilySedan,Poor,TwentyThou,False,SubStandard,False,TenThou,False,FiveThou,Suburb,False,TenThou,Thousand,True,Thousand,Excellent,True,Thousand,Many
False,Adult,Middle,Cautious,Older,None,Football,None,FamilySedan,Normal,TwentyThou,False,Normal,False,Thousand,False,FiveThou,Secure,True,Thousand,Thousand,True,Thousand,Fair,False,Thousand,Zero
False,Adolescent,Prole,Normal,Older,None,EggShell,None,Economy,Normal,Domino,False,Normal,False,Thousand,False,FiveThou,City,False,TenThou,Thousand,True,Thousand,Poor,False,Thousand,Zero
False,Adult,Prole,Normal,Older,None,EggShell,None,Economy,Excellent,TwentyThou,False,Expert,False,Thousand,False,TenThou,City,False,TenThou,Thousand,False,Thousand,Poor,False,Thousand,Zero
False,Adult,Middle,Normal,Older,None,EggShell,None,Economy,Normal,FiftyThou,False,Normal,False,Thousand,False,FiveThou,Suburb,False,TenThou,Thousand,False,Thousand,Poor,False,Thousand,Zero
False,Adult,Prole,Cautious,Older,None,EggShell,None,Economy,Excellent,FiftyThou,False,Normal,False,Thousand,False,FiveThou,City,True,Thousand,Thousand,True,Thousand,Poor,False,Thousand,Zero
False,Adult,Prole,Normal,Older,None,Football,None,FamilySedan,Normal,FiftyThou,False,Normal,False,Thousand,False,FiveThou,City,False,Thousand,Thousand,True,Thousand,Fair,False,Thousand,Zero
False,Adult,Prole,Normal,Older,None,EggShell,None,Economy,Poor,FiveThou,False,SubStandard,False,Thousand,False,TenThou,City,False,Thousand,Thousand,True,Thousand,Poor,False,Thousand,Many
False,Adult,Middle,Normal,Older,None,Football,None,FamilySedan,Normal,TwentyThou,False,Normal,False,Thousand,False,FiveThou,Suburb,False,Thousand,Thousand,True,Thousand,Fair,False,Thousand,Zero
False,Adult,Middle,Normal,Current,None,Tank,None,FamilySedan,Normal,TwentyThou,True,Normal,False,Thousand,False,TwentyThou,Suburb,True,TenThou,Thousand,True,Thousand,Excellent,True,Thousand,Zero
False,Adolescent,UpperMiddle,Normal,Current,None,Football,None,Luxury,Normal,TwentyThou,True,Normal,False,Thousand,False,FiftyThou,Suburb,True,Thousand,Thousand,True,Thousand,Good,True,Thousand,Zero
False,Adult,Wealthy,Normal,Older,None,Football,None,Luxury,Normal,Domino,False,Normal,False,Thousand,False,FiveThou,Secure,True,TenThou,Thousand,True,Thousand,Good,False,Thousand,Zero
False,Adult,Middle,Cautious,Current,None,Football,None,FamilySedan,Normal,TwentyThou,False,Normal,False,Thousand,False,TwentyThou,Secure,True,Thousand,Thousand,True,Thousand,Good,True,Thousand,Zero
False,Senior,Middle,Normal,Older,None,Tank,None,FamilySedan,Poor,TwentyThou,False,SubStandard,False,Thousand,False,FiveThou,Secure,False,TenThou,Thousand,True,Thousand,Excellent,False,Thousand,Many
False,Adult,Middle,Normal,Older,None,Tank,None,FamilySedan,Normal,TwentyThou,False,Normal,False,Thousand,False,FiveThou,Suburb,False,Thousand,Thousand,True,Thousand,Good,False,Thousand,Zero
True,Adolescent,Prole,Adventurous,Older,Severe,EggShell,Severe,Economy,Poor,FiftyThou,False,SubStandard,False,TenThou,False,FiveThou,City,False,TenThou,Thousand,False,TenThou,Fair,False,Thousand,Many
False,Adolescent,Prole,Normal,Older,None,Football,None,FamilySedan,Poor,FiveThou,False,SubStandard,False,Thousand,False,FiveThou,City,False,TenThou,Thousand,True,Thousand,Fair,False,Thousand,Many
False,Adolescent,Middle,Cautious,Current,Moderate,EggShell,Mild,Economy,Normal,TwentyThou,False,Normal,False,TenThou,False,TenThou,Secure,True,TenThou,Thousand,True,Thousand,Poor,True,Thousand,Zero
False,Adult,UpperMiddle,Normal,Current,Severe,EggShell,Severe,FamilySedan,Poor,Domino,False,SubStandard,False,HundredThou,False,TwentyThou,Secure,True,Million,HundredThou,True,Thousand,Poor,True,Thousand,Many
False,Senior,Prole,Cautious,Older,None,Tank,None,FamilySedan,Normal,FiftyThou,False,Normal,True,Thousand,False,FiveThou,City,False,TenThou,Thousand,True,Thousand,Good,False,Thousand,Zero
False,Adolescent,Middle,Adventurous,Older,None,Tank,None,FamilySedan,Normal,FiftyThou,False,Normal,False,Thousand,False,FiveThou,Suburb,False,Thousand,Thousand,True,Thousand,Good,False,Thousand,Many
False,Adult,Prole,Normal,Older,Severe,Football,Severe,Economy,Poor,TwentyThou,False,SubStandard,False,TenThou,False,TenThou,City,False,HundredThou,HundredThou,True,TenThou,Fair,False,Thousand,Many
False,Senior,Prole,Cautious,Older,Severe,EggShell,Severe,Economy,Poor,FiftyThou,False,SubStandard,True,TenThou,False,FiveThou,City,True,TenThou,Thousand,False,HundredThou,Poor,False,Thousand,Many
False,Adult,Middle,Normal,Older,None,EggShell,None,Economy,Normal,FiftyThou,False,Normal,False,Thousand,False,FiveThou,Suburb,False,Thousand,Thousand,False,Thousand,Fair,False,Thousand,Zero
False,Adult,Middle,Normal,Current,None,Football,None,FamilySedan,Poor,FiveThou,True,SubStandard,False,Thousand,False,TwentyThou,Secure,False,TenThou,Thousand,False,Thousand,Excellent,True,Thousand,Many
False,Adult,Middle,Cautious,Older,None,Tank,None,FamilySedan,Normal,TwentyThou,False,Normal,False,Thousand,False,FiveThou,Secure,True,Thousand,Thousand,True,Thousand,Excellent,True,Thousand,Zero
False,Adult,Prole,Adventurous,Older,None,EggShell,None,Economy,Normal,FiveThou,False,Normal,False,Thousand,False,TenThou,Rural,False,TenThou,Thousand,True,Thousand,Fair,False,Thousand,Zero
False,Adult,UpperMiddle,Cautious,Older,None,Tank,None,FamilySedan,Normal,TwentyThou,False,Normal,False,Thousand,False,TwentyThou,Secure,True,TenThou,Thousand,True,Thousand,Good,False,Thousand,Zero
False,Adult,UpperMiddle,Adventurous,Current,None,Football,None,Luxury,Excellent,FiftyThou,True,Expert,False,Thousand,False,FiftyThou,City,False,Thousand,Thousand,True,Thousand,Good,True,Thousand,One
False,Adult,UpperMiddle,Normal,Current,None,Football,None,Luxury,Normal,TwentyThou,True,Normal,False,Thousand,False,FiftyThou,Secure,True,Thousand,Thousand,True,Thousand,Good,True,Thousand,One
False,Adult,Prole,Cautious,Older,Severe,EggShell,Severe,Economy,Poor,FiftyThou,False,SubStandard,False,TenThou,False,FiveThou,City,True,TenThou,TenThou,False,TenThou,Poor,False,TenThou,Many
True,Adolescent,Middle,Cautious,Older,None,EggShell,None,Economy,Normal,TwentyThou,False,Normal,False,Thousand,False,FiveThou,Secure,True,Thousand,Thousand,True,Thousand,Poor,False,Thousand,Zero
False,Adult,Prole,Normal,Older,None,Football,None,FamilySedan,Normal,FiftyThou,False,Normal,False,Thousand,False,TenThou,Rural,False,Thousand,Thousand,False,Thousand,Excellent,True,Thousand,One
False,Adult,Middle,Normal,Older,None,Tank,None,FamilySedan,Normal,Domino,False,Normal,False,Thousand,False,FiveThou,Suburb,True,Thousand,Thousand,True,Thousand,Good,False,Thousand,Zero
False,Adolescent,Prole,Cautious,Older,Moderate,EggShell,Moderate,Economy,Poor,TwentyThou,False,SubStandard,False,Thousand,False,TenThou,Rural,True,HundredThou,HundredThou,False,Thousand,Poor,False,Thousand,Zero
False,Adult,Prole,Normal,Older,None,EggShell,None,Economy,Normal,FiftyThou,False,Normal,False,Thousand,False,FiveThou,City,False,Thousand,Thousand,False,Thousand,Fair,False,Thousand,One
False,Adult,Prole,Adventurous,Older,None,EggShell,None,Economy,Excellent,Domino,False,Expert,False,Thousand,False,FiveThou,Rural,False,Thousand,Thousand,False,Thousand,Fair,False,Thousand,One
False,Senior,Prole,Cautious,Older,None,EggShell,None,SportsCar,Excellent,FiftyThou,False,Normal,True,Thousand,False,TwentyThou,City,True,Thousand,Thousand,False,Thousand,Poor,False,Thousand,Zero
False,Adult,Middle,Normal,Older,None,EggShell,None,Economy,Normal,FiftyThou,False,Normal,False,Thousand,False,FiveThou,Rural,True,Thousand,Thousand,True,Thousand,Poor,False,Thousand,Zero
False,Adult,UpperMiddle,Cautious,Current,None,Tank,None,Luxury,Normal,FiftyThou,True,Normal,False,Thousand,False,FiftyThou,Secure,True,Thousand,Thousand,True,Thousand,Excellent,True,Thousand,Zero
False,Adult,Prole,Adventurous,Older,None,Tank,None,FamilySedan,Excellent,TwentyThou,False,Normal,False,Thousand,False,TenThou,Suburb,False,TenThou,Thousand,True,Thousand,Good,False,Thousand,Zero
False,Adult,Middle,Adventurous,Older,None,Football,None,FamilySedan,Normal,FiftyThou,False,Normal,False,Thousand,False,TenThou,Rural,False,Thousand,Thousand,False,Thousand,Poor,False,Thousand,One
False,Adolescent,Prole,Adventurous,Older,Mild,EggShell,Mild,Economy,Poor,FiveThou,False,Normal,False,Thousand,False,TenThou,City,False,Thousand,Thousand,True,Thousand,Fair,False,Thousand,Many
False,Adult,Middle,Normal,Older,None,EggShell,None,Economy,Excellent,TwentyThou,False,Expert,False,Thousand,False,FiveThou,Suburb,False,Thousand,Thousand,True,Thousand,Poor,False,Thousand,Zero
False,Adult,Middle,Normal,Current,None,EggShell,None,SportsCar,Normal,TwentyThou,True,Normal,False,Thousand,False,FiftyThou,Suburb,True,Thousand,Thousand,False,Thousand,Poor,True,Thousand,Zero
False,Adult,Prole,Adventurous,Older,None,Football,None,FamilySedan,Excellent,FiftyThou,False,Normal,False,Thousand,False,TenThou,City,False,Thousand,Thousand,True,Thousand,Fair,False,Thousand,One
False,Adult,Prole,Normal,Current,None,EggShell,None,SportsCar,Normal,TwentyThou,True,Normal,False,Thousand,False,TwentyThou,City,False,Thousand,Thousand,False,Thousand,Poor,True,Thousand,Many
False,Adult,Middle,Normal,Older,Moderate,Football,Moderate,FamilySedan,Poor,TwentyThou,False,SubStandard,False,Thousand,False,FiveThou,Suburb,True,HundredThou,HundredThou,False,Thousand,Fair,False,Thousand,Many
False,Adult,Prole,Adventurous,Current,Severe,Football,Severe,FamilySedan,Poor,TwentyThou,False,Normal,False,HundredThou,False,TwentyThou,City,False,HundredThou,Thousand,False,Thousand,Good,True,Thousand,Zero
False,Adult,Wealthy,Normal,Current,None,Tank,None,Luxury,Normal,TwentyThou,True,Normal,False,Thousand,False,FiftyThou,Secure,True,TenThou,Thousand,True,Thousand,Excellent,True,Thousand,Zero
False,Adult,UpperMiddle,Adventurous,Current,None,Football,None,Economy,Excellent,FiveThou,False,Normal,False,Thousand,False,TenThou,Rural,True,Thousand,Thousand,False,Thousand,Excellent,True,Thousand,Many
False,Adult,Middle,Normal,Older,None,EggShell,None,SportsCar,Normal,FiveThou,False,Normal,False,Thousand,False,TwentyThou,Suburb,False,Thousand,Thousand,True,Thousand,Poor,False,Thousand,Zero
False,Adult,Prole,Normal,Older,Severe,EggShell,Severe,Economy,Poor,FiftyThou,False,SubStandard,False,TenThou,False,FiveThou,City,False,HundredThou,TenThou,False,HundredThou,Poor,False,Thousand,Many
False,Adult,UpperMiddle,Psychopath,Current,Moderate,EggShell,Moderate,FamilySedan,Poor,TwentyThou,False,Normal,False,HundredThou,False,TwentyThou,City,False,HundredThou,Thousand,True,Thousand,Poor,True,Thousand,Many
False,Adult,Prole,Cautious,Older,None,Football,None,FamilySedan,Excellent,FiveThou,False,Normal,False,Thousand,False,TenThou,Rural,True,Thousand,Thousand,True,Thousand,Fair,False,Thousand,Zero
False,Adult,UpperMiddle,Adventurous,Current,Severe,Football,Severe,FamilySedan,Poor,FiftyThou,False,Normal,False,HundredThou,False,TwentyThou,Secure,False,HundredThou,HundredThou,True,Thousand,Good,True,Thousand,Zero
False,Senior,UpperMiddle,Cautious,Older,None,Football,None,Luxury,Normal,Domino,False,Normal,True,Thousand,False,FiveThou,Secure,True,Thousand,Thousand,False,Thousand,Excellent,True,Thousand,Zero
False,Adult,Middle,Normal,Current,Severe,Football,Severe,FamilySedan,Poor,FiftyThou,False,SubStandard,False,HundredThou,False,TwentyThou,Rural,False,HundredThou,TenThou,False,Thousand,Good,True,Thousand,Many
False,Senior,Prole,Cautious,Older,None,Football,None,Economy,Normal,Domino,False,Normal,True,Thousand,False,FiveThou,City,True,Thousand,Thousand,True,Thousand,Fair,False,Thousand,Zero
False,Adult,Middle,Normal,Older,None,EggShell,None,Economy,Normal,FiftyThou,False,Normal,False,Thousand,False,FiveThou,Suburb,False,Thousand,Thousand,False,Thousand,Fair,False,Thousand,Zero
False,Adolescent,Prole,Adventurous,Older,None,EggShell,None,Economy,Poor,FiveThou,False,Normal,False,Thousand,False,TenThou,Rural,False,Thousand,Thousand,False,Thousand,Fair,False,Thousand,Many
False,Adult,Wealthy,Cautious,Current,Moderate,EggShell,Moderate,SportsCar,Poor,TwentyThou,True,SubStandard,False,HundredThou,False,TwentyThou,Secure,True,Million,HundredThou,True,Thousand,Poor,True,Thousand,Many
False,Adult,Middle,Cautious,Older,None,Football,None,FamilySedan,Normal,FiftyThou,False,Normal,False,Thousand,False,FiveThou,Secure,True,Thousand,Thousand,True,Thousand,Good,True,Thousand,Many
False,Adult,Middle,Normal,Older,Severe,EggShell,Severe,Economy,Poor,FiftyThou,False,SubStandard,False,TenThou,False,FiveThou,Suburb,False,HundredThou,HundredThou,False,Thousand,Poor,False,HundredThou,One
False,Adult,Prole,Normal,Older,None,Football,None,Economy,Normal,TwentyThou,False,Normal,False,Thousand,False,FiveThou,City,False,TenThou,Thousand,False,Thousand,Good,True,Thousand,Zero
False,Adult,Middle,Normal,Current,None,EggShell,None,SportsCar,Normal,FiftyThou,True,Normal,False,Thousand,False,TwentyThou,Secure,False,Thousand,Thousand,False,Thousand,Fair,True,Thousand,Zero
False,Adolescent,Prole,Adventurous,Current,None,Football,None,FamilySedan,Poor,Domino,False,SubStandard,False,Thousand,False,TwentyThou,City,False,TenThou,Thousand,True,Thousand,Excellent,True,Thousand,Many
False,Adult,Prole,Normal,Older,None,EggShell,None,Economy,Normal,FiftyThou,False,Normal,False,Thousand,False,FiveThou,City,False,Thousand,Thousand,True,Thousand,Poor,False,Thousand,Zero
False,Adult,Middle,Adventurous,Older,None,Tank,None,FamilySedan,Normal,FiftyThou,False,Normal,False,Thousand,False,TwentyThou,Suburb,False,Thousand,Thousand,True,Thousand,Good,False,Thousand,One
False,Senior,Prole,Cautious,Older,None,EggShell,None,Economy,Normal,FiftyThou,False,Normal,True,Thousand,False,FiveThou,City,True,TenThou,Thousand,False,Thousand,Poor,False,Thousand,Zero
False,Senior,UpperMiddle,Normal,Current,None,EggShell,None,FamilySedan,Normal,FiftyThou,True,Normal,True,Thousand,False,TwentyThou,Secure,True,Thousand,Thousand,True,Thousand,Poor,True,Thousand,Zero
False,Adult,Middle,Normal,Older,None,Tank,None,FamilySedan,Normal,FiftyThou,False,Normal,False,Thousand,False,FiveThou,Suburb,True,Thousand,Thousand,True,Thousand,Good,False,Thousand,Zero
False,Adult,UpperMiddle,Normal,Current,None,EggShell,None,Economy,Excellent,FiftyThou,False,Expert,False,Thousand,False,TenThou,Suburb,True,Thousand,Thousand,True,Thousand,Good,True,Thousand,Zero
False,Senior,UpperMiddle,Normal,Current,None,EggShell,None,Luxury,Poor,FiveThou,True,SubStandard,False,Thousand,False,FiftyThou,Rural,True,TenThou,Thousand,False,Thousand,Fair,True,Thousand,Many
False,Adult,Prole,Normal,Older,None,Football,None,FamilySedan,Normal,TwentyThou,False,Normal,False,Thousand,False,FiveThou,City,False,Thousand,Thousand,False,Thousand,Good,False,Thousand,Zero
True,Adolescent,UpperMiddle,Normal,Current,Moderate,Tank,Moderate,Luxury,Poor,TwentyThou,True,SubStandard,False,HundredThou,False,FiftyThou,Secure,True,HundredThou,TenThou,True,Thousand,Excellent,True,Thousand,Many
False,Senior,UpperMiddle,Cautious,Current,None,Football,None,FamilySedan,Normal,FiftyThou,False,Normal,True,Thousand,False,TwentyThou,Secure,True,Thousand,Thousand,True,Thousand,Good,True,Thousand,Zero
False,Adult,Middle,Normal,Current,None,EggShell,None,FamilySedan,Excellent,TwentyThou,False,Expert,False,Thousand,False,TwentyThou,Suburb,True,TenThou,Thousand,True,Thousand,Good,True,Thousand,Zero
False,Senior,Prole,Normal,Current,None,EggShell,None,SportsCar,Normal,FiftyThou,True,Normal,True,Thousand,False,TwentyThou,City,False,TenThou,Thousand,False,Thousand,Poor,True,Thousand,Zero
False,Senior,UpperMiddle,Cautious,Older,None,Football,None,FamilySedan,Normal,FiveThou,False,Normal,True,Thousand,False,TenThou,Secure,True,Thousand,Thousand,True,Thousand,Good,False,Thousand,Zero
False,Adult,Prole,Cautious,Older,None,EggShell,None,Economy,Normal,TwentyThou,False,Normal,False,Thousand,False,FiveThou,City,True,TenThou,Thousand,False,Thousand,Poor,False,Thousand,Zero
False,Adult,UpperMiddle,Normal,Older,None,EggShell,None,Luxury,Normal,FiftyThou,True,Normal,False,Thousand,False,FiftyThou,Secure,True,Thousand,Thousand,True,Thousand,Poor,False,Thousand,Zero
False,Adolescent,Prole,Cautious,Older,None,EggShell,None,Economy,Excellent,TwentyThou,False,Expert,False,Thousand,False,FiveThou,City,True,TenThou,Thousand,False,Thousand,Poor,False,Thousand,Zero
False,Adult,UpperMiddle,Normal,Current,None,Football,None,Luxury,Normal,Domino,True,Normal,False,Thousand,False,FiftyThou,Secure,True,Thousand,Thousand,True,Thousand,Good,True,Thousand,Zero
False,Adult,Prole,Normal,Older,None,Football,None,FamilySedan,Normal,FiftyThou,False,Normal,False,Thousand,False,FiveThou,City,False,Thousand,Thousand,False,Thousand,Good,False,Thousand,Zero
False,Adult,Middle,Normal,Older,Mild,Tank,Severe,FamilySedan,Poor,TwentyThou,False,SubStandard,False,Thousand,False,TwentyThou,Suburb,False,HundredThou,HundredThou,True,Thousand,Excellent,False,Thousand,One
False,Adult,Prole,Adventurous,Older,None,Tank,None,FamilySedan,Excellent,Domino,False,Normal,False,Thousand,False,FiveThou,City,False,Thousand,Thousand,False,Thousand,Good,False,Thousand,One
True,Adolescent,Prole,Normal,Older,None,EggShell,None,Economy,Poor,FiftyThou,False,SubStandard,False,Thousand,False,FiveThou,City,False,TenThou,Thousand,True,Thousand,Poor,False,Thousand,One
False,Adult,Prole,Cautious,Older,Severe,EggShell,Severe,Economy,Poor,TwentyThou,False,SubStandard,False,TenThou,False,TenThou,Rural,False,HundredThou,HundredThou,False,TenThou,Poor,False,Thousand,Zero
True,Adolescent,Middle,Normal,Current,None,Football,None,FamilySedan,Normal,TwentyThou,False,Normal,False,Thousand,False,TwentyThou,Suburb,False,Thousand,Thousand,True,Thousand,Excellent,True,Thousand,Zero
False,Adolescent,Prole,Adventurous,Older,Severe,EggShell,Severe,Economy,Poor,TwentyThou,False,SubStandard,False,TenThou,False,FiveThou,Suburb,False,TenThou,Thousand,True,Thousand,Poor,False,Thousand,Many
False,Adolescent,Middle,Normal,Older,None,EggShell,None,Economy,Poor,FiveThou,False,SubStandard,False,Thousand,False,TenThou,Secure,False,TenThou,Thousand,True,Thousand,Fair,False,Thousand,Many
False,Adult,Prole,Cautious,Current,None,Football,Mild,FamilySedan,Poor,FiftyThou,False,SubStandard,False,Thousand,False,TwentyThou,City,True,Thousand,Thousand,True,Thousand,Good,True,Thousand,Many
False,Adult,Middle,Adventurous,Older,None,Tank,Mild,FamilySedan,Poor,TwentyThou,False,SubStandard,False,Thousand,False,TenThou,City,False,TenThou,Thousand,True,Thousand,Excellent,False,Thousand,Many
False,Adult,UpperMiddle,Adventurous,Current,None,Football,None,Luxury,Normal,FiveThou,True,Normal,False,Thousand,False,FiftyThou,City,False,Thousand,Thousand,True,Thousand,Good,True,Thousand,Zero
False,Adult,Middle,Normal,Older,Moderate,EggShell,Moderate,Economy,Poor,Domino,False,SubStandard,False,TenThou,False,FiveThou,Suburb,False,HundredThou,HundredThou,True,Thousand,Fair,False,Thousand,Many
False,Adult,Middle,Normal,Older,None,Tank,None,FamilySedan,Poor,FiftyThou,False,SubStandard,False,Thousand,False,TenThou,Secure,True,Thousand,Thousand,False,Thousand,Good,False,Thousand,Many
False,Senior,Middle,Cautious,Older,None,Football,None,FamilySedan,Normal,FiftyThou,False,Normal,False,Thousand,False,FiveThou,Secure,True,Thousand,Thousand,True,Thousand,Fair,False,Thousand,Zero
False,Adolescent,Prole,Adventurous,Older,None,EggShell,None,Economy,Normal,TwentyThou,False,Normal,False,Thousand,False,FiveThou,City,False,Thousand,Thousand,True,Thousand,Fair,False,Thousand,One
False,Adult,Middle,Cautious,Older,None,Football,None,FamilySedan,Normal,FiftyThou,False,Normal,False,Thousand,False,FiveThou,Secure,True,Thousand,Thousand,True,Thousand,Fair,False,Thousand,One
False,Adult,Prole,Normal,Older,None,EggShell,None,Economy,Normal,TwentyThou,False,Normal,False,Thousand,False,TenThou,City,False,Thousand,Thousand,False,Thousand,Poor,False,Thousand,Zero
False,Adult,Prole,Adventurous,Older,None,EggShell,None,Economy,Normal,FiftyThou,False,Normal,False,Thousand,False,FiveThou,Rural,False,Thousand,Thousand,True,Thousand,Poor,False,Thousand,One
False,Adult,Middle,Cautious,Current,None,EggShell,None,FamilySedan,Poor,TwentyThou,False,SubStandard,False,Thousand,False,TwentyThou,Secure,True,TenThou,Thousand,False,Thousand,Fair,True,Thousand,Zero
False,Adult,UpperMiddle,Normal,Current,None,Football,None,Luxury,Normal,TwentyThou,True,Normal,False,Thousand,False,FiftyThou,Suburb,True,Thousand,Thousand,True,Thousand,Excellent,True,Thousand,Zero
False,Adult,Middle,Normal,Older,None,Football,None,FamilySedan,Normal,Domino,False,Normal,False,Thousand,False,FiveThou,Suburb,False,Thousand,Thousand,True,Thousand,Fair,False,Thousand,Zero
False,Senior,Middle,Psychopath,Older,None,Football,None,FamilySedan,Poor,TwentyThou,False,SubStandard,False,Thousand,False,FiveThou,City,False,Thousand,Thousand,True,Thousand,Fair,False,Thousand,Many
False,Senior,UpperMiddle,Normal,Current,Mild,Tank,Moderate,Luxury,Poor,FiftyThou,True,SubStandard,False,Thousand,False,FiftyThou,Secure,True,TenThou,Thousand,True,Thousand,Excellent,True,Thousand,Many
False,Adult,Prole,Normal,Current,None,Football,None,Economy,Excellent,FiveThou,False,Expert,False,Thousand,False,TenThou,City,False,Thousand,Thousand,True,Thousand,Good,True,Thousand,Zero
False,Adult,Middle,Normal,Current,None,Football,None,FamilySedan,Normal,TwentyThou,False,Normal,False,Thousand,False,TwentyThou,Suburb,False,Thousand,Thousand,True,Thousand,Good,True,Thousand,Zero
False,Adult,Middle,Cautious,Older,Severe,Football,Severe,FamilySedan,Poor,FiftyThou,False,SubStandard,False,TenThou,False,FiveThou,Secure,True,TenThou,Thousand,False,Thousand,Good,False,Thousand,Zero
False,Adult,Middle,Normal,Older,None,Football,None,FamilySedan,Normal,TwentyThou,False,Normal,False,Thousand,False,TenThou,Suburb,False,Thousand,Thousand,True,Thousand,Good,True,Thousand,Zero
False,Adult,UpperMiddle,Normal,Current,None,Football,None,FamilySedan,Normal,TwentyThou,False,Normal,False,Thousand,False,TenThou,Secure,True,TenThou,Thousand,True,Thousand,Excellent,True,Thousand,Zero
False,Adult,UpperMiddle,Adventurous,Current,None,EggShell,None,SportsCar,Excellent,TwentyThou,False,Expert,False,Thousand,False,TwentyThou,Secure,True,Thousand,Thousand,False,Thousand,Poor,True,Thousand,Zero
False,Adult,Middle,Adventurous,Current,Moderate,Football,Moderate,Economy,Poor,FiftyThou,False,SubStandard,False,Thousand,False,TenThou,Suburb,False,HundredThou,HundredThou,True,Thousand,Good,True,Thousand,Many
False,Adult,UpperMiddle,Cautious,Current,None,Football,None,Luxury,Excellent,Domino,True,Normal,False,Thousand,False,FiftyThou,Secure,True,Thousand,Thousand,True,Thousand,Good,True,Thousand,Zero
False,Adolescent,Middle,Normal,Current,Moderate,Football,Moderate,FamilySedan,Poor,TwentyThou,False,SubStandard,False,HundredThou,False,TwentyThou,Secure,True,Million,HundredThou,True,Thousand,Excellent,True,Thousand,Zero
False,Senior,Prole,Normal,Older,None,EggShell,None,Economy,Excellent,Domino,False,Expert,False,Thousand,False,FiveThou,City,False,TenThou,Thousand,False,Thousand,Poor,False,Thousand,Zero
False,Adult,Middle,Normal,Older,None,Football,None,FamilySedan,Normal,TwentyThou,False,Normal,False,Thousand,False,FiveThou,Suburb,True,TenThou,Thousand,True,Thousand,Fair,False,Thousand,Zero
False,Adult,Prole,Cautious,Older,None,EggShell,None,Economy,Poor,TwentyThou,False,SubStandard,False,Thousand,False,FiveThou,City,True,Thousand,Thousand,True,Thousand,Poor,False,Thousand,Many
False,Adult,UpperMiddle,Normal,Current,None,Football,None,FamilySedan,Normal,TwentyThou,True,Normal,False,Thousand,False,TwentyThou,Secure,True,Thousand,Thousand,True,Thousand,Good,True,Thousand,Zero
False,Adolescent,Middle,Normal,Older,None,Football,None,FamilySedan,Normal,TwentyThou,False,Normal,False,Thousand,False,TwentyThou,Suburb,False,Thousand,Thousand,True,Thousand,Fair,True,Thousand,Zero
False,Senior,UpperMiddle,Cautious,Current,None,Football,None,Economy,Normal,Domino,False,Normal,True,Thousand,False,TwentyThou,Secure,True,Thousand,Thousand,True,Thousand,Excellent,True,Thousand,Zero
False,Adolescent,Prole,Adventurous,Older,Severe,Tank,Severe,FamilySedan,Poor,FiftyThou,False,SubStandard,False,TenThou,False,FiveThou,City,False,HundredThou,HundredThou,False,Thousand,Good,False,Thousand,Many
False,Adult,UpperMiddle,Normal,Current,None,Football,None,Economy,Normal,FiftyThou,False,Normal,False,Thousand,False,TenThou,Secure,True,TenThou,Thousand,True,Thousand,Good,True,Thousand,Zero
False,Adult,Middle,Normal,Older,None,EggShell,None,Economy,Normal,FiftyThou,False,Normal,False,Thousand,False,FiveThou,Rural,True,Thousand,Thousand,True,Thousand,Fair,False,Thousand,Zero
False,Adult,Prole,Adventurous,Older,None,Football,None,FamilySedan,Normal,FiftyThou,False,Normal,False,Thousand,False,TwentyThou,City,False,Thousand,Thousand,True,Thousand,Fair,False,Thousand,One
False,Senior,Prole,Cautious,Older,Severe,EggShell,Severe,Economy,Poor,FiftyThou,False,SubStandard,True,TenThou,False,FiveThou,City,True,Million,HundredThou,False,HundredThou,Fair,False,Thousand,Many
False,Senior,UpperMiddle,Normal,Current,None,EggShell,None,SportsCar,Poor,FiveThou,False,SubStandard,False,Thousand,False,TwentyThou,Suburb,False,TenThou,Thousand,True,Thousand,Poor,True,Thousand,Zero
False,Adult,Prole,Cautious,Current,None,EggShell,None,SportsCar,Normal,TwentyThou,True,Normal,False,Thousand,False,TenThou,Rural,True,TenThou,Thousand,True,Thousand,Fair,True,Thousand,Zero
False,Adolescent,Middle,Adventurous,Older,Severe,Football,Severe,FamilySedan,Poor,Domino,False,SubStandard,False,TenThou,False,FiveThou,Suburb,False,TenThou,TenThou,True,Thousand,Good,False,Thousand,Many
False,Adult,Prole,Adventurous,Older,Severe,EggShell,Severe,Economy,Poor,FiftyThou,False,Normal,False,TenThou,False,FiveThou,Rural,False,HundredThou,TenThou,False,TenThou,Fair,False,Thousand,Zero
False,Senior,Prole,Normal,Older,Mild,EggShell,Mild,Economy,Poor,FiftyThou,False,SubStandard,False,Thousand,False,FiveThou,Rural,False,TenThou,Thousand,False,Thousand,Poor,False,Thousand,Many
False,Adolescent,Prole,Adventurous,Older,None,EggShell,None,Economy,Poor,FiveThou,False,Normal,False,Thousand,False,FiveThou,City,False,Thousand,Thousand,False,Thousand,Poor,False,Thousand,Zero
True,Adolescent,Middle,Adventurous,Older,None,Football,Mild,FamilySedan,Poor,FiftyThou,False,SubStandard,False,Thousand,False,TwentyThou,Rural,False,Thousand,Thousand,True,Thousand,Good,False,Thousand,Many
False,Adult,Middle,Normal,Older,None,EggShell,None,SportsCar,Normal,TwentyThou,False,Normal,False,Thousand,False,TwentyThou,Suburb,False,Thousand,Thousand,False,Thousand,Poor,False,Thousand,Zero
False,Adolescent,Middle,Normal,Older,None,Football,None,FamilySedan,Normal,TwentyThou,False,Normal,False,Thousand,False,FiveThou,Secure,False,Thousand,Thousand,True,Thousand,Fair,False,Thousand,Zero
False,Adult,UpperMiddle,Cautious,Current,None,Tank,None,Luxury,Excellent,Domino,True,Normal,False,Thousand,False,FiftyThou,Secure,True,Thousand,Thousand,True,Thousand,Excellent,True,Thousand,Zero
False,Adult,Prole,Cautious,Older,None,EggShell,None,Economy,Normal,TwentyThou,False,Normal,False,Thousand,False,TenThou,City,True,Thousand,Thousand,True,Thousand,Poor,False,Thousand,Zero
False,Adult,Middle,Cautious,Older,None,EggShell,None,SportsCar,Poor,Domino,False,SubStandard,False,Thousand,False,FiveThou,Secure,True,Thousand,Thousand,True,Thousand,Poor,False,Thousand,One
False,Senior,Middle,Cautious,Older,None,EggShell,None,Economy,Excellent,FiftyThou,False,Expert,True,Thousand,False,FiveThou,Secure,True,Thousand,Thousand,True,Thousand,Fair,False,Thousand,Zero
False,Senior,UpperMiddle,Normal,Current,Moderate,EggShell,Moderate,FamilySedan,Poor,Domino,True,SubStandard,False,HundredThou,False,TwentyThou,Secure,True,HundredThou,Thousand,True,TenThou,Poor,True,Thousand,Many
False,Adult,Prole,Adventurous,Older,Mild,EggShell,Mild,SportsCar,Poor,FiftyThou,False,SubStandard,False,Thousand,False,FiveThou,City,False,Thousand,Thousand,True,Thousand,Poor,False,Thousand,Many
False,Adult,Prole,Adventurous,Older,None,Football,None,FamilySedan,Poor,FiveThou,False,SubStandard,False,Thousand,False,TwentyThou,City,False,TenThou,Thousand,True,Thousand,Fair,False,Thousand,Many
False,Senior,Prole,Cautious,Older,None,EggShell,None,Economy,Excellent,TwentyThou,False,Normal,True,Thousand,False,TenThou,City,True,TenThou,Thousand,False,Thousand,Fair,False,Thousand,Zero
False,Adolescent,Middle,Adventurous,Older,Severe,Football,Severe,FamilySedan,Poor,Domino,False,Normal,False,TenThou,False,FiveThou,Rural,False,HundredThou,TenThou,True,Thousand,Fair,False,Thousand,Many
False,Senior,UpperMiddle,Cautious,Current,None,Tank,None,FamilySedan,Excellent,TwentyThou,True,Expert,True,Thousand,False,TwentyThou,Secure,True,Thousand,Thousand,True,Thousand,Excellent,True,Thousand,Zero
False,Adult,Prole,Adventurous,Current,Mild,Football,Mild,FamilySedan,Poor,TwentyThou,True,SubStandard,False,Thousand,False,TwentyThou,Rural,False,TenThou,Thousand,False,Thousand,Fair,True,Thousand,Many
False,Adult,UpperMiddle,Cautious,Current,None,Football,None,Luxury,Excellent,FiveThou,True,Normal,False,Thousand,False,FiftyThou,Secure,True,Thousand,Thousand,True,Thousand,Fair,True,Thousand,Zero
False,Adult,Middle,Normal,Older,None,Football,None,FamilySedan,Normal,TwentyThou,False,Normal,False,Thousand,False,FiveThou,Suburb,False,Thousand,Thousand,True,Thousand,Good,False,Thousand,Zero
False,Adult,Prole,Normal,Older,None,EggShell,None,Economy,Normal,TwentyThou,False,Normal,False,Thousand,False,TenThou,Suburb,False,Thousand,Thousand,True,Thousand,Poor,False,Thousand,Zero
False,Adult,Middle,Normal,Current,Mild,Football,Mild,FamilySedan,Poor,FiveThou,True,SubStandard,False,Thousand,False,TwentyThou,Suburb,False,TenThou,Thousand,True,Thousand,Excellent,True,Thousand,Many
False,Adult,Middle,Normal,Older,Severe,Football,Severe,FamilySedan,Poor,Domino,False,SubStandard,False,TenThou,False,FiveThou,Suburb,False,HundredThou,HundredThou,True,Thousand,Fair,False,Thousand,Many
False,Adult,Middle,Cautious,Current,None,Football,None,FamilySedan,Normal,TwentyThou,False,Normal,False,Thousand,False,TwentyThou,Secure,True,Thousand,Thousand,True,Thousand,Good,True,Thousand,Zero
False,Senior,UpperMiddle,Normal,Older,None,Football,None,FamilySedan,Excellent,TwentyThou,False,Expert,True,Thousand,False,TwentyThou,Suburb,True,TenThou,Thousand,True,Thousand,Good,False,Thousand,Zero
False,Adolescent,UpperMiddle,Normal,Current,None,Football,None,Economy,Normal,TwentyThou,False,Normal,False,Thousand,False,TenThou,Secure,True,TenThou,Thousand,True,Thousand,Good,True,Thousand,Zero
False,Adult,Prole,Adventurous,Older,Moderate,EggShell,Moderate,Economy,Poor,FiftyThou,False,Normal,False,TenThou,False,FiveThou,City,False,HundredThou,HundredThou,True,Thousand,Fair,False,Thousand,Zero
False,Adolescent,Middle,Psychopath,Current,Severe,EggShell,Severe,SportsCar,Poor,TwentyThou,True,Normal,False,HundredThou,False,TwentyThou,City,False,HundredThou,TenThou,False,Thousand,Good,True,Thousand,Many
False,Adult,Middle,Normal,Current,None,Football,None,Economy,Normal,FiftyThou,False,Normal,False,Thousand,False,TenThou,Suburb,False,Thousand,Thousand,True,Thousand,Good,True,Thousand,Zero
False,Senior,Middle,Cautious,Older,None,Football,None,FamilySedan,Excellent,FiftyThou,False,Expert,True,Thousand,False,FiveThou,Secure,True,Thousand,Thousand,True,Thousand,Poor,False,Thousand,Zero
False,Adolescent,Middle,Adventurous,Older,None,Football,None,FamilySedan,Poor,TwentyThou,False,SubStandard,False,Thousand,False,FiveThou,Suburb,False,Thousand,Thousand,True,Thousand,Poor,False,Thousand,Many
False,Adolescent,Prole,Adventurous,Older,Severe,EggShell,Severe,Economy,Poor,FiftyThou,False,Normal,False,TenThou,False,FiveThou,Rural,False,TenThou,Thousand,True,Million,Poor,False,Thousand,One
False,Adolescent,UpperMiddle,Adventurous,Current,None,EggShell,None,SportsCar,Poor,TwentyThou,True,Normal,False,Thousand,False,TwentyThou,Rural,False,TenThou,Thousand,True,Thousand,Fair,True,Thousand,Many
False,Senior,Prole,Cautious,Older,None,EggShell,None,Economy,Normal,TwentyThou,False,Normal,False,Thousand,False,FiveThou,City,True,Thousand,Thousand,False,Thousand,Poor,False,Thousand,Zero
False,Adult,Prole,Adventurous,Older,None,EggShell,None,Economy,Poor,FiftyThou,False,SubStandard,False,Thousand,False,FiveThou,City,False,Thousand,Thousand,True,Thousand,Poor,False,Thousand,Many
False,Adult,Middle,Normal,Older,None,Tank,None,FamilySedan,Normal,TwentyThou,False,Normal,False,Thousand,False,TenThou,Suburb,False,Thousand,Thousand,False,Thousand,Good,False,Thousand,Zero
False,Senior,Prole,Normal,Older,None,EggShell,None,Economy,Normal,FiftyThou,False,Normal,False,Thousand,False,FiveThou,City,False,Thousand,Thousand,False,Thousand,Fair,False,Thousand,Zero
False,Adolescent,UpperMiddle,Adventurous,Current,None,Football,None,Luxury,Poor,TwentyThou,True,SubStandard,False,Thousand,False,FiftyThou,City,False,Thousand,Thousand,True,Thousand,Good,True,Thousand,Many
False,Senior,Prole,Cautious,Current,None,Football,Mild,FamilySedan,Poor,TwentyThou,True,SubStandard,True,Thousand,False,TwentyThou,City,True,Thousand,Thousand,True,Thousand,Good,True,Thousand,One
False,Adult,Prole,Psychopath,Current,Severe,Football,Moderate,Economy,Poor,FiftyThou,False,Normal,False,Thousand,False,FiveThou,City,False,Thousand,Thousand,False,Thousand,Good,True,Thousand,Many
False,Adult,UpperMiddle,Normal,Current,None,Tank,None,FamilySedan,Normal,FiftyThou,False,Normal,False,Thousand,False,TwentyThou,Suburb,True,Thousand,Thousand,True,Thousand,Excellent,True,Thousand,One
False,Adolescent,UpperMiddle,Normal,Older,None,EggShell,None,FamilySedan,Normal,Domino,False,Normal,False,Thousand,False,FiveThou,Secure,True,TenThou,Thousand,True,Thousand,Poor,False,Thousand,Zero
False,Adult,Prole,Adventurous,Current,None,EggShell,None,Economy,Poor,FiftyThou,False,SubStandard,False,Thousand,False,TenThou,City,False,Thousand,Thousand,True,Thousand,Fair,True,Thousand,Many
False,Adult,Prole,Normal,Older,None,EggShell,None,FamilySedan,Normal,TwentyThou,False,Normal,False,Thousand,False,FiveThou,City,False,TenThou,Thousand,True,Thousand,Poor,False,Thousand,Zero
False,Adolescent,Prole,Adventurous,Current,Severe,EggShell,Severe,Economy,Poor,FiftyThou,False,Normal,False,TenThou,False,TenThou,City,False,HundredThou,HundredThou,True,TenThou,Poor,True,Million,One
False,Adolescent,Prole,Normal,Older,Severe,EggShell,Severe,Economy,Poor,FiftyThou,False,SubStandard,False,TenThou,False,FiveThou,Rural,False,HundredThou,HundredThou,False,Thousand,Poor,False,Thousand,Many
False,Adult,Middle,Normal,Older,None,EggShell,None,SportsCar,Normal,TwentyThou,False,Normal,False,Thousand,False,FiveThou,Suburb,False,TenThou,Thousand,True,Thousand,Poor,False,Thousand,Zero
False,Senior,Prole,Cautious,Older,None,EggShell,None,Economy,Excellent,TwentyThou,False,Normal,True,Thousand,False,FiveThou,City,False,Thousand,Thousand,False,Thousand,Fair,False,Thousand,Zero
False,Adolescent,Middle,Adventurous,Older,None,Tank,None,FamilySedan,Poor,FiveThou,False,SubStandard,False,Thousand,False,TwentyThou,Suburb,False,Thousand,Thousand,True,Thousand,Good,False,Thousand,Many
False,Senior,Middle,Normal,Current,None,EggShell,None,SportsCar,Normal,TwentyThou,True,Normal,False,Thousand,False,TwentyThou,Suburb,False,TenThou,Thousand,True,Thousand,Good,True,Thousand,Zero
False,Adult,Middle,Cautious,Older,None,Football,None,FamilySedan,Normal,Domino,False,Normal,False,Thousand,False,FiveThou,Secure,True,Thousand,Thousand,False,Thousand,Fair,False,Thousand,Zero
False,Senior,Prole,Normal,Older,None,EggShell,None,Economy,Excellent,FiftyThou,False,Expert,False,Thousand,False,FiveThou,Rural,False,Thousand,Thousand,False,Thousand,Fair,False,Thousand,Zero
False,Adult,Middle,Adventurous,Older,None,Football,None,FamilySedan,Excellent,TwentyThou,False,Expert,False,Thousand,False,TenThou,Suburb,False,TenThou,Thousand,True,Thousand,Good,False,Thousand,Zero
False,Senior,Middle,Cautious,Older,None,EggShell,None,Economy,Normal,FiftyThou,False,Normal,True,Thousand,False,FiveThou,Secure,True,Thousand,Thousand,True,Thousand,Poor,False,Thousand,Zero
False,Adult,UpperMiddle,Normal,Older,None,EggShell,None,Luxury,Normal,TwentyThou,False,Normal,False,Thousand,False,TwentyThou,Suburb,True,Thousand,Thousand,False,Thousand,Fair,True,Thousand,Zero
False,Adolescent,Middle,Normal,Current,None,Football,None,FamilySedan,Normal,FiftyThou,False,Normal,False,Thousand,False,TenThou,Suburb,False,TenThou,Thousand,True,Thousand,Good,True,Thousand,Zero
False,Adult,Prole,Cautious,Older,None,EggShell,None,Economy,Normal,TwentyThou,False,Normal,False,Thousand,False,TenThou,City,True,Thousand,Thousand,True,Thousand,Poor,False,Thousand,Zero
False,Adult,UpperMiddle,Normal,Current,None,Tank,None,Luxury,Normal,FiftyThou,True,Normal,False,Thousand,False,FiftyThou,Secure,True,TenThou,Thousand,False,Thousand,Excellent,True,Thousand,Zero
False,Adult,Prole,Normal,Older,Severe,EggShell,Severe,Economy,Normal,TwentyThou,False,Normal,False,TenThou,False,TenThou,City,False,TenThou,TenThou,False,Thousand,Poor,False,Thousand,Zero
False,Adult,Prole,Normal,Older,None,Football,None,Economy,Normal,TwentyThou,False,Normal,False,Thousand,False,FiveThou,City,False,Thousand,Thousand,True,Thousand,Good,False,Thousand,Zero
False,Adult,Prole,Normal,Older,None,EggShell,None,Economy,Normal,TwentyThou,False,Normal,False,Thousand,False,FiveThou,City,False,Thousand,Thousand,True,Thousand,Poor,False,Thousand,Zero
False,Adult,Prole,Cautious,Older,None,EggShell,None,Economy,Normal,FiveThou,False,Normal,False,Thousand,False,TwentyThou,Suburb,True,Thousand,Thousand,True,Thousand,Fair,False,Thousand,One
False,Adult,Prole,Adventurous,Older,None,EggShell,None,SportsCar,Excellent,TwentyThou,False,Expert,False,Thousand,False,FiveThou,City,False,TenThou,Thousand,False,Thousand,Poor,False,Thousand,Zero
False,Senior,UpperMiddle,Cautious,Current,None,Football,None,FamilySedan,Poor,TwentyThou,True,SubStandard,False,Thousand,False,TenThou,Secure,True,Thousand,Thousand,True,Thousand,Good,True,Thousand,Many
False,Adult,Middle,Normal,Older,None,Football,None,FamilySedan,Normal,FiftyThou,False,Normal,False,Thousand,False,FiveThou,Suburb,True,Thousand,Thousand,True,Thousand,Good,False,Thousand,One
True,Adolescent,Middle,Adventurous,Current,None,EggShell,None,SportsCar,Poor,TwentyThou,True,SubStandard,False,Thousand,False,TwentyThou,Suburb,False,Thousand,Thousand,True,Thousand,Fair,True,Thousand,Many
False,Adult,Middle,Cautious,Older,None,Tank,None,FamilySedan,Normal,FiftyThou,False,Normal,False,Thousand,False,TwentyThou,Secure,True,Thousand,Thousand,True,Thousand,Excellent,True,Thousand,Zero
False,Adolescent,Prole,Cautious,Older,Mild,Tank,Mild,FamilySedan,Poor,Domino,False,SubStandard,False,Thousand,False,FiveThou,City,True,TenThou,Thousand,True,Thousand,Excellent,True,Thousand,One
True,Adolescent,Prole,Adventurous,Current,None,Football,Mild,Economy,Poor,FiftyThou,False,SubStandard,False,Thousand,False,TenThou,Rural,False,TenThou,Thousand,True,Thousand,Good,True,Thousand,Many
False,Adult,Middle,Normal,Older,Severe,Football,Severe,FamilySedan,Poor,FiftyThou,False,SubStandard,False,TenThou,False,FiveThou,Rural,False,HundredThou,HundredThou,False,Thousand,Fair,False,Thousand,Many
False,Senior,Prole,Normal,Older,None,EggShell,None,SportsCar,Excellent,FiftyThou,False,Expert,True,Thousand,False,TenThou,City,True,TenThou,Thousand,False,Thousand,Fair,False,Thousand,Zero
False,Adult,Prole,Adventurous,Older,None,EggShell,None,Economy,Normal,FiftyThou,False,Normal,False,Thousand,False,FiveThou,City,False,TenThou,Thousand,True,Thousand,Poor,False,Thousand,One
False,Adult,Middle,Cautious,Older,None,EggShell,None,SportsCar,Normal,FiftyThou,True,Normal,False,Thousand,False,TenThou,Secure,True,TenThou,Thousand,True,Thousand,Fair,False,Thousand,Zero
False,Senior,UpperMiddle,Cautious,Current,None,Football,None,FamilySedan,Normal,TwentyThou,False,Normal,True,Thousand,False,TwentyThou,Secure,True,Thousand,Thousand,True,Thousand,Good,True,Thousand,Zero
False,Adult,Middle,Normal,Current,None,EggShell,None,Economy,Normal,FiftyThou,False,Normal,False,Thousand,False,TenThou,Rural,False,Thousand,Thousand,True,Thousand,Fair,True,Thousand,Zero
False,Senior,Prole,Adventurous,Current,None,EggShell,None,SportsCar,Poor,Domino,False,Normal,False,Thousand,False,TwentyThou,City,False,TenThou,Thousand,True,Thousand,Fair,True,Thousand,Many
False,Adult,Middle,Adventurous,Older,None,Football,None,FamilySedan,Poor,FiftyThou,False,SubStandard,False,Thousand,False,FiveThou,City,False,Thousand,Thousand,True,Thousand,Good,False,Thousand,Many
False,Adult,Prole,Normal,Older,None,EggShell,None,Economy,Excellent,Domino,False,Expert,False,Thousand,False,FiveThou,City,False,Thousand,Thousand,False,Thousand,Good,True,Thousand,Zero
False,Senior,Prole,Cautious,Older,None,EggShell,None,Economy,Normal,Domino,False,Normal,True,Thousand,False,FiveThou,Rural,True,Thousand,Thousand,True,Thousand,Poor,False,Thousand,Zero
True,Adolescent,Prole,Normal,Older,Mild,EggShell,Mild,Economy,Poor,TwentyThou,False,SubStandard,False,Thousand,False,FiveThou,City,False,Thousand,Thousand,False,Thousand,Poor,False,Thousand,Many
False,Adult,Prole,Adventurous,Older,Severe,EggShell,Moderate,SportsCar,Poor,TwentyThou,False,SubStandard,False,TenThou,False,FiveThou,City,False,TenThou,Thousand,True,Thousand,Fair,False,HundredThou,Many
False,Adult,UpperMiddle,Cautious,Current,None,Football,None,Economy,Normal,FiftyThou,False,Normal,False,Thousand,False,TenThou,Secure,True,Thousand,Thousand,True,Thousand,Fair,True,Thousand,Zero
False,Adult,Middle,Normal,Older,Severe,Football,Moderate,Economy,Poor,FiveThou,False,SubStandard,False,TenThou,False,TenThou,Suburb,False,HundredThou,TenThou,True,Thousand,Fair,False,Thousand,One
False,Adolescent,Prole,Adventurous,Older,None,EggShell,None,Economy,Excellent,TwentyThou,False,Normal,False,Thousand,False,FiveThou,City,False,TenThou,Thousand,False,Thousand,Poor,False,Thousand,Zero
False,Adult,Middle,Normal,Older,None,Tank,Mild,FamilySedan,Normal,Domino,False,Normal,False,Thousand,False,FiveThou,Secure,False,Thousand,Thousand,False,Thousand,Excellent,True,Thousand,Zero
False,Adult,Middle,Normal,Older,None,EggShell,None,SportsCar,Poor,TwentyThou,False,SubStandard,False,Thousand,False,TenThou,Suburb,False,TenThou,Thousand,True,Thousand,Fair,False,Thousand,Many
False,Adult,Prole,Cautious,Current,None,EggShell,None,Economy,Poor,FiftyThou,False,SubStandard,False,Thousand,False,TenThou,City,True,Thousand,Thousand,False,Thousand,Good,True,Thousand,Many
False,Adult,Middle,Adventurous,Older,None,Tank,None,FamilySedan,Excellent,TwentyThou,False,Expert,False,Thousand,False,FiveThou,City,False,Thousand,Thousand,True,Thousand,Excellent,True,Thousand,One
False,Adult,Middle,Cautious,Older,None,Football,None,FamilySedan,Normal,FiftyThou,False,Normal,False,Thousand,False,FiveThou,Secure,True,Thousand,Thousand,False,Thousand,Good,True,Thousand,Zero
False,Adult,Middle,Adventurous,Older,None,Tank,Mild,FamilySedan,Poor,FiftyThou,False,SubStandard,False,Thousand,False,FiveThou,Suburb,False,Thousand,Thousand,False,Thousand,Good,False,Thousand,Many
False,Adult,Prole,Adventurous,Older,Moderate,EggShell,Moderate,Economy,Poor,TwentyThou,False,SubStandard,False,TenThou,False,TenThou,City,False,HundredThou,HundredThou,False,HundredThou,Poor,False,Thousand,Many
False,Adult,Prole,Normal,Older,None,EggShell,None,Economy,Normal,FiftyThou,False,Normal,False,Thousand,False,FiveThou,Rural,False,Thousand,Thousand,True,Thousand,Poor,False,Thousand,Zero
False,Adult,UpperMiddle,Adventurous,Older,None,Football,None,Luxury,Normal,TwentyThou,False,Normal,False,Thousand,False,FiftyThou,Suburb,False,Thousand,Thousand,False,Thousand,Good,True,Thousand,Zero
False,Adult,Middle,Normal,Older,Moderate,Tank,Severe,FamilySedan,Poor,FiftyThou,False,SubStandard,False,TenThou,False,TenThou,Suburb,False,TenThou,TenThou,True,Thousand,Excellent,False,Thousand,Many
False,Senior,Prole,Cautious,Older,None,EggShell,None,Economy,Normal,TwentyThou,False,Normal,True,Thousand,False,FiveThou,City,True,Thousand,Thousand,True,Thousand,Poor,False,Thousand,Zero
False,Adult,Prole,Normal,Older,None,Tank,Mild,FamilySedan,Poor,TwentyThou,False,SubStandard,False,Thousand,False,FiveThou,City,False,Thousand,Thousand,True,Thousand,Excellent,False,Thousand,Many
False,Senior,Prole,Cautious,Older,None,Football,None,FamilySedan,Normal,Domino,False,Normal,True,Thousand,False,FiveThou,City,True,Thousand,Thousand,True,Thousand,Fair,False,Thousand,Zero
False,Adult,Prole,Normal,Current,None,EggShell,None,FamilySedan,Normal,Domino,True,Normal,False,Thousand,False,TwentyThou,City,False,Thousand,Thousand,True,Thousand,Good,True,Thousand,Zero
False,Senior,UpperMiddle,Cautious,Current,None,Football,None,Luxury,Normal,TwentyThou,True,Normal,True,Thousand,False,FiftyThou,Secure,True,Thousand,Thousand,True,Thousand,Good,True,Thousand,Zero
False,Adult,Middle,Cautious,Older,None,Football,None,FamilySedan,Normal,FiftyThou,False,Normal,False,Thousand,False,FiveThou,Secure,True,Thousand,Thousand,True,Thousand,Good,False,Thousand,Zero
False,Adolescent,Prole,Adventurous,Older,None,EggShell,None,Economy,Excellent,FiftyThou,False,Normal,False,Thousand,False,FiveThou,City,False,Thousand,Thousand,True,Thousand,Poor,False,Thousand,One
False,Adult,Prole,Adventurous,Older,None,EggShell,None,Economy,Normal,FiftyThou,False,Normal,False,Thousand,False,FiveThou,City,False,Thousand,Thousand,True,Thousand,Poor,False,Thousand,Many
False,Adolescent,Middle,Normal,Older,None,Football,None,FamilySedan,Normal,TwentyThou,False,Normal,False,Thousand,False,TwentyThou,Suburb,False,TenThou,Thousand,True,Thousand,Fair,False,Thousand,Zero
False,Adult,Middle,Cautious,Older,None,Football,None,FamilySedan,Normal,FiftyThou,False,Normal,False,Thousand,False,FiveThou,Secure,True,Thousand,Thousand,True,Thousand,Fair,False,Thousand,Zero
False,Senior,Prole,Normal,Current,Moderate,EggShell,Moderate,SportsCar,Poor,FiveThou,True,SubStandard,False,HundredThou,False,TwentyThou,City,False,HundredThou,Thousand,False,Thousand,Fair,True,Thousand,Many
False,Adult,Prole,Normal,Older,Severe,Football,Severe,FamilySedan,Poor,TwentyThou,False,SubStandard,False,TenThou,False,FiveThou,City,False,HundredThou,HundredThou,True,Thousand,Fair,False,HundredThou,One
False,Adult,Prole,Adventurous,Older,Severe,EggShell,Severe,Economy,Poor,TwentyThou,False,Normal,False,TenThou,False,FiveThou,City,False,TenThou,TenThou,True,Thousand,Poor,False,Thousand,Zero
False,Adolescent,Middle,Normal,Older,Severe,EggShell,Severe,Economy,Poor,FiftyThou,False,SubStandard,False,TenThou,False,FiveThou,Suburb,False,HundredThou,HundredThou,True,TenThou,Poor,False,Thousand,Many
False,Adolescent,Prole,Normal,Older,None,Football,None,FamilySedan,Normal,FiftyThou,False,Normal,False,Thousand,False,TenThou,City,False,Thousand,Thousand,True,Thousand,Fair,False,Thousand,Zero
False,Adult,Prole,Normal,Current,Severe,EggShell,Severe,Economy,Poor,Domino,False,SubStandard,False,TenThou,False,TenThou,City,False,HundredThou,TenThou,False,TenThou,Poor,True,Thousand,Many
False,Adult,Middle,Normal,Older,None,Tank,None,FamilySedan,Normal,TwentyThou,False,Normal,False,Thousand,False,FiveThou,Secure,False,TenThou,Thousand,True,Thousand,Good,False,Thousand,One
False,Adult,UpperMiddle,Cautious,Current,None,Football,None,FamilySedan,Normal,TwentyThou,False,Normal,False,Thousand,False,TwentyThou,Secure,True,Thousand,Thousand,True,Thousand,Excellent,True,Thousand,Zero
False,Adolescent,Prole,Adventurous,Older,Severe,EggShell,Severe,Economy,Poor,FiftyThou,False,SubStandard,False,TenThou,False,FiveThou,City,False,TenThou,TenThou,False,HundredThou,Poor,False,Thousand,Many
False,Adult,Prole,Cautious,Older,None,EggShell,None,SportsCar,Excellent,FiftyThou,False,Normal,False,Thousand,False,TenThou,Rural,True,TenThou,Thousand,True,Thousand,Fair,False,Thousand,Zero
False,Senior,UpperMiddle,Cautious,Current,None,Football,None,Luxury,Normal,TwentyThou,True,Normal,True,Thousand,False,FiftyThou,Secure,True,Thousand,Thousand,True,Thousand,Good,True,Thousand,Zero
False,Adult,Prole,Adventurous,Current,Moderate,Football,Moderate,Economy,Poor,FiftyThou,False,SubStandard,False,Thousand,False,TenThou,City,False,TenThou,TenThou,False,Thousand,Excellent,True,Thousand,Many
False,Senior,Middle,Normal,Older,None,Football,None,FamilySedan,Normal,FiftyThou,False,Normal,False,Thousand,False,FiveThou,Suburb,False,Thousand,Thousand,True,Thousand,Poor,False,Thousand,Zero
False,Adult,Middle,Cautious,Current,None,Football,None,FamilySedan,Normal,FiftyThou,False,Normal,False,Thousand,False,TwentyThou,Secure,True,Thousand,Thousand,True,Thousand,Excellent,True,Thousand,Zero
False,Adult,Middle,Normal,Older,None,Football,None,FamilySedan,Normal,FiftyThou,False,Normal,False,Thousand,False,TenThou,Suburb,True,Thousand,Thousand,True,Thousand,Excellent,True,Thousand,Zero
False,Adult,Middle,Normal,Older,None,Football,None,FamilySedan,Normal,TwentyThou,False,Normal,False,Thousand,False,FiveThou,Suburb,True,Thousand,Thousand,True,Thousand,Good,False,Thousand,Zero
False,Adult,Middle,Adventurous,Current,None,EggShell,None,FamilySedan,Normal,TwentyThou,False,Normal,False,Thousand,False,TwentyThou,City,False,TenThou,Thousand,True,Thousand,Poor,True,Thousand,Zero
True,Adolescent,UpperMiddle,Normal,Current,None,EggShell,None,SportsCar,Normal,FiveThou,True,Normal,False,Thousand,False,TwentyThou,Secure,True,Thousand,Thousand,True,Thousand,Fair,True,Thousand,Zero
False,Adult,Middle,Normal,Older,None,EggShell,None,Economy,Poor,TwentyThou,False,SubStandard,False,Thousand,False,FiveThou,Suburb,False,Thousand,Thousand,True,Thousand,Poor,False,Thousand,Many
False,Adult,Prole,Normal,Older,Moderate,EggShell,Moderate,Economy,Poor,FiftyThou,False,SubStandard,False,TenThou,False,FiveThou,City,False,TenThou,Thousand,True,Thousand,Poor,False,Thousand,Many
False,Adolescent,Prole,Cautious,Older,Mild,EggShell,Mild,SportsCar,Poor,FiftyThou,False,SubStandard,False,Thousand,False,FiveThou,City,False,Thousand,Thousand,False,Thousand,Poor,False,Thousand,One
False,Senior,Prole,Normal,Older,None,EggShell,None,Economy,Normal,FiveThou,False,Normal,True,Thousand,False,TenThou,City,False,Thousand,Thousand,False,Thousand,Poor,True,Thousand,Zero
False,Adult,Prole,Normal,Older,None,EggShell,None,Economy,Normal,FiftyThou,False,Normal,False,Thousand,False,FiveThou,Rural,False,Thousand,Thousand,True,Thousand,Poor,False,Thousand,One
False,Adult,Middle,Cautious,Older,None,Football,None,FamilySedan,Poor,TwentyThou,False,SubStandard,False,Thousand,False,FiveThou,Secure,True,Thousand,Thousand,False,Thousand,Good,False,Thousand,One
False,Senior,Prole,Cautious,Current,None,EggShell,None,Economy,Excellent,FiftyThou,False,Expert,True,Thousand,False,TwentyThou,City,True,Thousand,Thousand,True,Thousand,Poor,True,Thousand,Zero
False,Adult,Middle,Cautious,Older,Severe,Tank,Severe,FamilySedan,Poor,TwentyThou,False,SubStandard,False,HundredThou,False,TwentyThou,Secure,True,HundredThou,HundredThou,True,Thousand,Excellent,False,Thousand,Zero
False,Senior,UpperMiddle,Cautious,Current,None,Football,Mild,FamilySedan,Normal,FiftyThou,True,Normal,True,Thousand,False,TwentyThou,Secure,True,TenThou,Thousand,True,Thousand,Good,True,Thousand,Zero
False,Adult,Middle,Normal,Older,Mild,EggShell,Mild,Economy,Poor,TwentyThou,False,SubStandard,False,Thousand,False,FiveThou,Suburb,False,Thousand,Thousand,True,Thousand,Fair,False,Thousand,Many
False,Senior,Prole,Normal,Older,None,EggShell,None,Economy,Excellent,TwentyThou,False,Expert,False,Thousand,False,TenThou,City,False,Thousand,Thousand,True,Thousand,Poor,False,Thousand,Zero
False,Adolescent,Prole,Normal,Current,None,Football,None,Economy,Normal,TwentyThou,False,Normal,False,Thousand,False,TenThou,City,True,Thousand,Thousand,True,Thousand,Excellent,True,Thousand,Zero
False,Adult,Middle,Adventurous,Older,None,Football,None,FamilySedan,Normal,TwentyThou,False,Normal,False,Thousand,False,FiveThou,Suburb,False,Thousand,Thousand,True,Thousand,Poor,False,Thousand,Many
False,Senior,Prole,Normal,Older,None,EggShell,None,Economy,Poor,TwentyThou,False,SubStandard,False,Thousand,False,FiveThou,City,False,Thousand,Thousand,False,Thousand,Fair,False,Thousand,One
False,Adult,Prole,Normal,Older,Mild,EggShell,Mild,Economy,Normal,FiftyThou,False,Normal,False,Thousand,False,FiveThou,City,False,TenThou,Thousand,False,Thousand,Poor,False,Thousand,Zero
False,Adolescent,Prole,Adventurous,Older,None,EggShell,None,Economy,Normal,FiveThou,False,Normal,False,Thousand,False,TwentyThou,City,False,Thousand,Thousand,True,Thousand,Fair,False,Thousand,Zero
False,Senior,UpperMiddle,Cautious,Current,None,Tank,None,Luxury,Normal,TwentyThou,True,Normal,True,Thousand,False,FiftyThou,Secure,True,Thousand,Thousand,True,Thousand,Excellent,True,Thousand,Zero
False,Senior,Middle,Cautious,Older,None,Football,None,FamilySedan,Excellent,FiveThou,False,Expert,True,Thousand,False,TwentyThou,Secure,True,Thousand,Thousand,True,Thousand,Fair,False,Thousand,Zero
False,Adolescent,Prole,Adventurous,Older,None,EggShell,None,Economy,Excellent,FiftyThou,False,Normal,False,Thousand,False,FiveThou,City,False,Thousand,Thousand,False,Thousand,Fair,False,Thousand,Zero
False,Adult,Prole,Adventurous,Older,None,EggShell,None,Economy,Poor,FiveThou,False,SubStandard,False,Thousand,False,FiveThou,City,False,Thousand,Thousand,True,Thousand,Fair,False,Thousand,Many
True,Adolescent,UpperMiddle,Normal,Older,Severe,EggShell,Moderate,SportsCar,Poor,FiftyThou,False,SubStandard,False,TenThou,False,FiveThou,Secure,True,HundredThou,HundredThou,True,TenThou,Poor,False,Thousand,Many
False,Adult,UpperMiddle,Cautious,Current,None,Tank,None,Luxury,Normal,FiftyThou,True,Normal,False,Thousand,False,FiftyThou,Secure,True,TenThou,Thousand,False,Thousand,Excellent,True,Thousand,Zero
False,Senior,UpperMiddle,Normal,Current,Mild,EggShell,Mild,FamilySedan,Poor,TwentyThou,False,SubStandard,False,Thousand,False,TwentyThou,Secure,True,Thousand,Thousand,True,HundredThou,Good,True,Thousand,One
False,Adult,UpperMiddle,Normal,Current,Severe,Football,Severe,Luxury,Poor,TwentyThou,True,SubStandard,False,HundredThou,False,FiftyThou,Suburb,True,HundredThou,TenThou,False,TenThou,Fair,True,Thousand,Many
False,Senior,Prole,Cautious,Older,None,Football,None,FamilySedan,Normal,FiftyThou,False,Normal,True,Thousand,False,FiveThou,City,True,TenThou,Thousand,False,Thousand,Fair,False,Thousand,Zero
False,Adult,Middle,Adventurous,Older,None,EggShell,None,SportsCar,Poor,FiveThou,False,Normal,False,Thousand,False,TenThou,Suburb,False,TenThou,Thousand,True,Thousand,Poor,False,Thousand,Zero
False,Adult,Middle,Normal,Current,Mild,EggShell,Mild,FamilySedan,Poor,TwentyThou,True,SubStandard,False,Thousand,False,TwentyThou,Suburb,False,Thousand,Thousand,True,Thousand,Poor,True,Thousand,One
False,Adult,Middle,Normal,Older,None,Football,None,FamilySedan,Normal,FiftyThou,False,Normal,False,Thousand,False,FiveThou,Suburb,False,Thousand,Thousand,False,Thousand,Fair,False,Thousand,Zero
False,Adult,UpperMiddle,Normal,Older,None,Football,None,Luxury,Excellent,FiveThou,False,Expert,False,Thousand,False,TwentyThou,Secure,True,Thousand,Thousand,True,Thousand,Good,True,Thousand,Zero
False,Senior,UpperMiddle,Normal,Older,None,EggShell,None,Luxury,Normal,Domino,False,Normal,False,Thousand,False,FiftyThou,Secure,True,Thousand,Thousand,True,Thousand,Fair,False,Thousand,Zero
False,Adult,Middle,Normal,Older,Moderate,Football,Moderate,FamilySedan,Poor,TwentyThou,False,SubStandard,False,TenThou,False,TenThou,Secure,True,HundredThou,HundredThou,True,Thousand,Excellent,True,Thousand,Many
False,Adult,UpperMiddle,Normal,Current,None,Football,None,FamilySedan,Normal,FiftyThou,False,Normal,False,Thousand,False,TwentyThou,Rural,True,TenThou,Thousand,True,Thousand,Excellent,True,Thousand,Zero
False,Senior,Prole,Cautious,Older,Severe,EggShell,Severe,Economy,Poor,FiftyThou,False,SubStandard,False,TenThou,False,FiveThou,City,True,HundredThou,HundredThou,True,Million,Poor,False,Thousand,One
False,Adult,Middle,Normal,Current,Moderate,Football,Moderate,FamilySedan,Poor,TwentyThou,True,SubStandard,False,HundredThou,False,TwentyThou,Secure,True,Million,TenThou,True,Thousand,Good,True,HundredThou,Many
False,Adult,Middle,Cautious,Older,Mild,EggShell,Mild,SportsCar,Poor,FiftyThou,True,SubStandard,False,Thousand,False,FiveThou,Secure,True,Thousand,Thousand,True,Thousand,Fair,False,Thousand,Many
True,Adolescent,UpperMiddle,Normal,Current,None,Football,None,Luxury,Normal,TwentyThou,True,Normal,False,Thousand,False,FiftyThou,Suburb,True,Thousand,Thousand,True,Thousand,Good,True,Thousand,Zero
False,Adult,Middle,Normal,Current,None,Football,None,FamilySedan,Normal,Domino,False,Normal,False,Thousand,False,TwentyThou,Suburb,False,Thousand,Thousand,True,Thousand,Good,True,Thousand,Zero
False,Senior,Prole,Normal,Current,None,EggShell,None,Economy,Excellent,FiftyThou,False,Expert,True,Thousand,False,TenThou,City,False,Thousand,Thousand,False,Thousand,Fair,True,Thousand,Zero
False,Adult,Prole,Cautious,Older,None,EggShell,None,Economy,Excellent,FiftyThou,False,Normal,False,Thousand,False,FiveThou,City,True,Thousand,Thousand,True,Thousand,Poor,False,Thousand,Zero
False,Adult,Middle,Adventurous,Older,Moderate,Football,Moderate,SportsCar,Poor,FiftyThou,False,SubStandard,False,TenThou,False,TenThou,City,False,HundredThou,HundredThou,True,Thousand,Fair,False,Thousand,Many
False,Adolescent,Middle,Adventurous,Current,Severe,EggShell,Moderate,SportsCar,Poor,Domino,True,SubStandard,False,HundredThou,False,TwentyThou,Suburb,False,HundredThou,HundredThou,True,TenThou,Poor,True,Thousand,Many
False,Adult,Prole,Adventurous,Older,None,EggShell,None,Economy,Normal,Domino,False,Normal,False,Thousand,False,FiveThou,City,False,Thousand,Thousand,True,Thousand,Fair,False,Thousand,One
False,Adult,Middle,Normal,Older,None,Football,None,FamilySedan,Normal,TwentyThou,False,Normal,False,Thousand,False,TwentyThou,Suburb,False,TenThou,Thousand,False,Thousand,Fair,False,Thousand,Zero
False,Adult,Middle,Cautious,Older,None,Tank,None,FamilySedan,Normal,FiftyThou,False,Normal,False,Thousand,False,FiveThou,Secure,True,TenThou,Thousand,True,Thousand,Excellent,True,Thousand,Zero
False,Adult,UpperMiddle,Adventurous,Current,None,Tank,Mild,Luxury,Poor,FiftyThou,True,SubStandard,False,Thousand,False,FiftyThou,Suburb,True,TenThou,Thousand,True,Thousand,Excellent,True,Thousand,Many
False,Adult,Prole,Normal,Older,Severe,EggShell,Severe,Economy,Poor,TwentyThou,False,SubStandard,False,TenThou,False,FiveThou,City,True,Million,HundredThou,False,Million,Poor,False,Thousand,Many
False,Senior,Prole,Cautious,Older,None,EggShell,None,Economy,Excellent,FiftyThou,False,Normal,True,Thousand,False,FiveThou,City,True,Thousand,Thousand,True,Thousand,Fair,False,Thousand,Zero
False,Senior,Prole,Cautious,Older,None,EggShell,None,Economy,Excellent,TwentyThou,False,Expert,True,Thousand,False,FiveThou,City,True,Thousand,Thousand,False,Thousand,Poor,False,Thousand,Zero
False,Adult,Prole,Cautious,Current,Mild,Football,Mild,Economy,Poor,Domino,False,SubStandard,False,Thousand,False,TenThou,City,True,Thousand,Thousand,False,Thousand,Good,True,Thousand,Many
False,Adult,Prole,Adventurous,Current,Moderate,EggShell,Moderate,SportsCar,Poor,Domino,True,SubStandard,False,HundredThou,False,TwentyThou,Rural,False,HundredThou,Thousand,False,Thousand,Poor,True,Thousand,Many
False,Adult,Middle,Normal,Older,None,Tank,None,FamilySedan,Normal,TwentyThou,False,Normal,False,Thousand,False,FiveThou,Secure,False,TenThou,Thousand,True,Thousand,Good,False,Thousand,Zero
False,Adult,UpperMiddle,Adventurous,Current,None,Tank,None,Luxury,Poor,Domino,True,SubStandard,False,Thousand,False,FiftyThou,Suburb,False,Thousand,Thousand,True,Thousand,Excellent,True,Thousand,Many
False,Adolescent,Prole,Adventurous,Older,Severe,EggShell,Severe,Economy,Poor,FiftyThou,False,SubStandard,False,TenThou,False,FiveThou,City,False,TenThou,Thousand,False,Thousand,Poor,False,Thousand,Many
False,Senior,Middle,Cautious,Current,None,Football,None,FamilySedan,Normal,TwentyThou,True,Normal,True,Thousand,False,TenThou,Secure,True,TenThou,Thousand,False,Thousand,Good,True,Thousand,Zero
False,Senior,Prole,Normal,Current,Severe,Football,Severe,Economy,Poor,FiftyThou,False,SubStandard,True,TenThou,False,TenThou,Rural,False,HundredThou,HundredThou,True,Thousand,Excellent,True,Thousand,Many
False,Adolescent,Middle,Cautious,Older,None,Tank,None,FamilySedan,Poor,TwentyThou,False,SubStandard,False,Thousand,False,TenThou,Secure,True,Thousand,Thousand,True,Thousand,Excellent,False,Thousand,One
False,Adult,UpperMiddle,Normal,Current,Moderate,Football,Moderate,Luxury,Normal,FiftyThou,True,Normal,False,HundredThou,False,FiftyThou,Rural,True,HundredThou,HundredThou,True,Thousand,Good,True,Thousand,Zero
False,Adult,UpperMiddle,Normal,Current,None,Football,None,FamilySedan,Excellent,FiveThou,False,Expert,False,Thousand,False,TwentyThou,Secure,True,Thousand,Thousand,True,Thousand,Good,True,Thousand,Zero
False,Senior,Middle,Cautious,Older,None,EggShell,None,SportsCar,Normal,TwentyThou,False,Normal,True,Thousand,False,TwentyThou,Secure,True,Thousand,Thousand,True,Thousand,Fair,False,Thousand,Zero
False,Adolescent,Middle,Adventurous,Older,Severe,EggShell,Moderate,SportsCar,Poor,FiftyThou,False,SubStandard,False,TenThou,False,TenThou,Suburb,False,HundredThou,Thousand,True,HundredThou,Poor,False,Thousand,Many
False,Adult,Middle,Normal,Older,None,Football,None,FamilySedan,Normal,TwentyThou,False,Normal,False,Thousand,False,TwentyThou,Secure,True,Thousand,Thousand,True,Thousand,Good,False,Thousand,Zero
False,Adult,UpperMiddle,Adventurous,Current,None,EggShell,None,SportsCar,Normal,TwentyThou,False,Normal,False,Thousand,False,TwentyThou,City,False,Thousand,Thousand,True,Thousand,Poor,True,Thousand,Zero
False,Senior,Prole,Cautious,Older,None,EggShell,None,Economy,Normal,FiftyThou,False,Normal,True,Thousand,False,FiveThou,City,True,TenThou,Thousand,False,Thousand,Poor,False,Thousand,Zero
False,Adult,Middle,Normal,Older,None,Tank,None,FamilySedan,Excellent,TwentyThou,False,Expert,False,Thousand,False,FiveThou,Suburb,False,Thousand,Thousand,True,Thousand,Excellent,False,Thousand,Zero
False,Adult,Middle,Adventurous,Current,None,Football,None,FamilySedan,Excellent,FiftyThou,False,Expert,False,Thousand,False,TwentyThou,Rural,False,Thousand,Thousand,True,Thousand,Good,True,Thousand,Zero
False,Senior,Middle,Normal,Older,None,Tank,None,FamilySedan,Normal,FiftyThou,False,Normal,False,Thousand,False,FiveThou,Suburb,False,TenThou,Thousand,True,Thousand,Good,False,Thousand,Zero
False,Adult,Prole,Cautious,Older,Moderate,EggShell,Moderate,SportsCar,Poor,FiftyThou,False,SubStandard,False,Thousand,False,TenThou,City,True,TenThou,TenThou,True,TenThou,Fair,True,Thousand,One
False,Adult,Prole,Normal,Older,None,EggShell,None,Economy,Normal,FiftyThou,False,Normal,False,Thousand,False,TenThou,Rural,False,TenThou,Thousand,False,Thousand,Poor,False,Thousand,Zero
False,Adult,Middle,Normal,Current,None,EggShell,None,FamilySedan,Normal,FiftyThou,False,Normal,False,Thousand,False,TenThou,Suburb,True,Thousand,Thousand,True,Thousand,Good,True,Thousand,Zero
False,Adult,Middle,Adventurous,Older,None,EggShell,None,SportsCar,Poor,Domino,False,SubStandard,False,Thousand,False,FiveThou,City,False,Thousand,Thousand,True,Thousand,Poor,False,Thousand,Many
False,Senior,Prole,Normal,Older,None,EggShell,None,Economy,Excellent,TwentyThou,False,Expert,False,Thousand,False,TenThou,Rural,False,Thousand,Thousand,False,Thousand,Fair,False,Thousand,Zero
False,Senior,Prole,Normal,Older,None,EggShell,None,Economy,Normal,TwentyThou,False,Normal,True,Thousand,False,FiveThou,City,False,TenThou,Thousand,True,Thousand,Fair,False,Thousand,Zero
False,Adult,UpperMiddle,Normal,Current,Severe,Football,Severe,FamilySedan,Poor,TwentyThou,False,SubStandard,False,TenThou,False,TenThou,Suburb,True,HundredThou,TenThou,False,Thousand,Good,True,Thousand,Many
False,Adult,UpperMiddle,Normal,Current,None,EggShell,None,SportsCar,Normal,FiftyThou,False,Normal,False,Thousand,False,TwentyThou,Secure,True,Thousand,Thousand,True,Thousand,Good,True,Thousand,Zero
False,Senior,Prole,Normal,Older,Severe,Football,Severe,FamilySedan,Poor,TwentyThou,False,SubStandard,False,TenThou,False,FiveThou,City,False,HundredThou,TenThou,True,Thousand,Fair,False,Thousand,Many
False,Adolescent,Middle,Normal,Older,Severe,Football,Severe,FamilySedan,Poor,FiftyThou,False,SubStandard,False,TenThou,False,TenThou,Secure,False,HundredThou,TenThou,True,Thousand,Good,False,TenThou,Many
False,Adult,UpperMiddle,Normal,Older,None,Football,None,Luxury,Normal,TwentyThou,False,Normal,False,Thousand,False,FiveThou,Suburb,True,TenThou,Thousand,True,Thousand,Good,True,Thousand,Zero
False,Adult,Prole,Cautious,Older,None,EggShell,None,Economy,Excellent,FiveThou,False,Normal,False,Thousand,False,TenThou,Suburb,True,Thousand,Thousand,True,Thousand,Poor,False,Thousand,Zero
False,Adult,Prole,Adventurous,Older,None,EggShell,None,Economy,Normal,FiftyThou,False,Normal,False,Thousand,False,FiveThou,City,False,Thousand,Thousand,True,Thousand,Fair,False,Thousand,Many
False,Adult,Wealthy,Normal,Current,None,EggShell,None,SuperLuxury,Normal,TwentyThou,True,Normal,False,Thousand,False,Million,Secure,True,Thousand,Thousand,True,Thousand,Fair,True,Thousand,Zero
False,Adult,Middle,Adventurous,Older,None,Tank,None,SportsCar,Normal,FiftyThou,False,Normal,False,Thousand,False,FiveThou,Suburb,False,Thousand,Thousand,True,Thousand,Good,False,Thousand,Zero
False,Adolescent,Middle,Normal,Older,None,Football,None,FamilySedan,Normal,Domino,False,Normal,False,Thousand,False,FiveThou,Suburb,False,Thousand,Thousand,True,Thousand,Poor,False,Thousand,Zero
False,Adult,Middle,Normal,Older,None,Tank,None,FamilySedan,Normal,FiftyThou,False,Normal,False,Thousand,False,FiveThou,Secure,False,TenThou,Thousand,True,Thousand,Excellent,True,Thousand,One
False,Adult,Prole,Adventurous,Current,None,EggShell,None,SportsCar,Excellent,TwentyThou,True,Expert,False,Thousand,False,FiftyThou,City,False,Thousand,Thousand,True,Thousand,Good,True,Thousand,Zero
False,Adult,Prole,Normal,Older,Severe,EggShell,Severe,Economy,Poor,FiveThou,False,SubStandard,False,TenThou,False,TenThou,City,False,HundredThou,HundredThou,False,Million,Poor,False,Thousand,Many
False,Senior,Middle,Cautious,Older,None,Football,None,FamilySedan,Excellent,TwentyThou,False,Expert,True,Thousand,False,TwentyThou,Secure,True,Thousand,Thousand,True,Thousand,Good,False,Thousand,Zero
False,Adult,Middle,Normal,Current,Moderate,Football,Moderate,FamilySedan,Poor,Domino,True,SubStandard,False,HundredThou,False,TwentyThou,Suburb,False,HundredThou,Thousand,True,Thousand,Excellent,True,Thousand,Many
False,Senior,UpperMiddle,Cautious,Current,None,Football,None,FamilySedan,Excellent,TwentyThou,True,Normal,True,Thousand,False,TwentyThou,Secure,True,Thousand,Thousand,True,Thousand,Fair,True,Thousand,Zero
False,Adult,Prole,Normal,Older,Mild,Tank,Severe,FamilySedan,Poor,FiftyThou,False,SubStandard,False,Thousand,False,FiveThou,City,False,TenThou,TenThou,True,Thousand,Good,False,Thousand,Many
False,Adult,Middle,Adventurous,Older,None,Tank,None,FamilySedan,Poor,TwentyThou,False,SubStandard,False,Thousand,False,TwentyThou,Suburb,False,Thousand,Thousand,True,Thousand,Good,False,Thousand,Many
False,Adult,UpperMiddle,Adventurous,Current,None,Football,None,Luxury,Normal,Domino,True,Normal,False,Thousand,False,FiftyThou,City,False,Thousand,Thousand,True,Thousand,Excellent,True,Thousand,Zero
False,Adult,Prole,Normal,Current,None,Football,None,Economy,Normal,Domino,False,Normal,False,Thousand,False,TwentyThou,City,False,TenThou,Thousand,True,Thousand,Good,True,Thousand,Zero
False,Adult,Prole,Normal,Current,None,Football,None,Economy,Normal,TwentyThou,False,Normal,False,Thousand,False,TenThou,City,False,Thousand,Thousand,True,Thousand,Good,True,Thousand,Zero
False,Senior,UpperMiddle,Normal,Current,None,EggShell,None,SportsCar,Excellent,FiftyThou,True,Expert,True,Thousand,False,TwentyThou,Suburb,True,TenThou,Thousand,True,Thousand,Good,True,Thousand,Zero
False,Adolescent,Middle,Adventurous,Older,Moderate,Football,Moderate,FamilySedan,Poor,FiftyThou,False,SubStandard,False,TenThou,False,FiveThou,Rural,False,TenThou,Thousand,False,Thousand,Fair,False,Thousand,Many
False,Adult,Prole,Normal,Older,None,EggShell,None,Economy,Normal,Domino,False,Normal,False,Thousand,False,FiveThou,City,False,Thousand,Thousand,True,Thousand,Poor,False,Thousand,Zero
False,Adult,Middle,Normal,Older,None,Football,None,FamilySedan,Normal,FiftyThou,False,Normal,False,Thousand,False,TenThou,Secure,False,Thousand,Thousand,True,Thousand,Good,False,Thousand,Zero
False,Senior,UpperMiddle,Cautious,Current,Mild,EggShell,Mild,SportsCar,Poor,FiftyThou,True,SubStandard,True,Thousand,False,TenThou,Secure,True,Thousand,Thousand,False,Thousand,Poor,True,Thousand,One
False,Adult,Prole,Cautious,Older,None,EggShell,None,Economy,Excellent,TwentyThou,False,Expert,False,Thousand,False,FiveThou,City,True,Thousand,Thousand,False,Thousand,Poor,False,Thousand,Zero
True,Adolescent,UpperMiddle,Adventurous,Current,None,Football,None,Luxury,Poor,TwentyThou,True,SubStandard,False,Thousand,False,FiftyThou,City,False,Thousand,Thousand,True,Thousand,Good,True,Thousand,Many
False,Adult,Middle,Normal,Older,Severe,EggShell,Severe,Economy,Poor,FiftyThou,False,SubStandard,False,TenThou,False,FiveThou,Suburb,True,TenThou,TenThou,True,TenThou,Fair,False,Thousand,One
False,Adult,Prole,Normal,Older,None,Football,None,Economy,Normal,TwentyThou,False,Normal,False,Thousand,False,FiveThou,City,False,Thousand,Thousand,True,Thousand,Fair,False,Thousand,One
False,Adolescent,UpperMiddle,Normal,Current,Severe,EggShell,Moderate,SportsCar,Poor,FiftyThou,True,SubStandard,False,HundredThou,False,TwentyThou,Suburb,True,HundredThou,TenThou,True,Thousand,Poor,True,Thousand,Many
True,Adolescent,UpperMiddle,Normal,Current,Moderate,Football,Moderate,Luxury,Poor,TwentyThou,True,SubStandard,False,HundredThou,False,FiftyThou,Suburb,True,HundredThou,TenThou,True,Thousand,Excellent,True,Thousand,Many
False,Adult,Prole,Normal,Older,Moderate,EggShell,Moderate,Economy,Poor,Domino,False,SubStandard,False,TenThou,False,FiveThou,City,False,TenThou,Thousand,True,Million,Poor,False,Thousand,Many
False,Adult,Middle,Normal,Older,None,Tank,None,FamilySedan,Normal,TwentyThou,False,Normal,False,Thousand,False,TenThou,Suburb,False,Thousand,Thousand,True,Thousand,Good,False,Thousand,Zero
False,Adolescent,Prole,Adventurous,Older,None,EggShell,None,Economy,Normal,FiftyThou,False,Normal,False,Thousand,False,FiveThou,City,False,TenThou,Thousand,False,Thousand,Poor,False,Thousand,Zero
False,Adult,UpperMiddle,Normal,Current,None,Tank,None,Luxury,Normal,FiftyThou,True,Normal,False,Thousand,False,FiftyThou,Rural,True,TenThou,Thousand,True,Thousand,Excellent,True,Thousand,Zero
False,Adult,Middle,Normal,Older,None,Tank,None,FamilySedan,Normal,TwentyThou,False,Normal,False,Thousand,False,FiveThou,Suburb,False,Thousand,Thousand,False,Thousand,Good,False,Thousand,Zero
False,Adult,Middle,Normal,Older,None,Football,None,FamilySedan,Poor,TwentyThou,False,SubStandard,False,Thousand,False,FiveThou,Secure,False,Thousand,Thousand,True,Thousand,Fair,False,Thousand,Zero
False,Adult,UpperMiddle,Normal,Older,None,Football,None,Luxury,Normal,TwentyThou,True,Normal,False,Thousand,False,FiftyThou,Suburb,True,Thousand,Thousand,False,Thousand,Excellent,True,Thousand,Zero
True,Adolescent,Middle,Normal,Older,Severe,Football,Severe,FamilySedan,Poor,TwentyThou,False,SubStandard,False,TenThou,False,TenThou,Suburb,True,Million,HundredThou,True,Thousand,Fair,False,HundredThou,Many
False,Senior,Middle,Cautious,Older,None,Football,None,FamilySedan,Normal,FiftyThou,False,Normal,True,Thousand,False,FiveThou,Secure,True,Thousand,Thousand,True,Thousand,Excellent,True,Thousand,Zero
False,Adolescent,Prole,Psychopath,Older,None,Tank,None,FamilySedan,Excellent,Domino,False,Normal,False,Thousand,False,FiveThou,City,False,TenThou,Thousand,False,Thousand,Excellent,False,Thousand,Many
False,Adult,Middle,Normal,Current,None,EggShell,None,Economy,Excellent,FiftyThou,False,Expert,False,Thousand,False,TenThou,Suburb,False,TenThou,Thousand,False,Thousand,Poor,True,Thousand,Zero
False,Adult,Middle,Normal,Older,Severe,Football,Severe,FamilySedan,Poor,FiftyThou,False,SubStandard,False,TenThou,False,FiveThou,Secure,False,HundredThou,HundredThou,True,Thousand,Fair,False,Thousand,Many
False,Senior,Middle,Normal,Current,None,Football,None,Economy,Excellent,TwentyThou,False,Expert,True,Thousand,False,TwentyThou,Suburb,False,Thousand,Thousand,True,Thousand,Excellent,True,Thousand,Zero
False,Adult,Prole,Normal,Current,None,Tank,None,FamilySedan,Normal,TwentyThou,True,Normal,False,Thousand,False,TwentyThou,City,False,Thousand,Thousand,True,Thousand,Excellent,True,Thousand,Zero
False,Adult,Prole,Adventurous,Older,None,EggShell,None,Economy,Normal,TwentyThou,False,Normal,False,Thousand,False,FiveThou,City,False,Thousand,Thousand,True,Thousand,Poor,False,Thousand,One
False,Adult,Prole,Normal,Older,Severe,EggShell,Severe,Economy,Poor,TwentyThou,False,SubStandard,False,TenThou,False,FiveThou,City,False,HundredThou,HundredThou,False,Thousand,Poor,False,Thousand,Many
False,Adult,Prole,Cautious,Older,None,EggShell,None,Economy,Excellent,TwentyThou,False,Normal,False,Thousand,False,TenThou,City,True,Thousand,Thousand,True,Thousand,Poor,False,Thousand,Zero
False,Adult,UpperMiddle,Normal,Current,None,Football,None,FamilySedan,Normal,FiftyThou,False,Normal,False,Thousand,False,TwentyThou,Suburb,True,Thousand,Thousand,True,Thousand,Good,True,Thousand,Zero
False,Adult,Middle,Cautious,Current,None,EggShell,None,SportsCar,Excellent,TwentyThou,True,Normal,False,Thousand,False,TwentyThou,Secure,True,Thousand,Thousand,False,Thousand,Good,True,Thousand,Zero
False,Adult,Prole,Normal,Older,None,EggShell,None,Economy,Normal,FiveThou,False,Normal,False,Thousand,False,TenThou,City,False,Thousand,Thousand,True,Thousand,Poor,False,Thousand,Many
